query,calls,total_time_ms,rows
"PREPARE dumpFunc(pg_catalog.oid) AS
SELECT
proretset,
prosrc,
probin,
provolatile,
proisstrict,
prosecdef,
lanname,
proconfig,
procost,
prorows,
pg_catalog.pg_get_function_arguments(p.oid) AS funcargs,
pg_catalog.pg_get_function_identity_arguments(p.oid) AS funciargs,
pg_catalog.pg_get_function_result(p.oid) AS funcresult,
proleakproof,
array_to_string(protrftypes, $2) AS protrftypes,
proparallel,
prokind,
prosupport,
pg_get_function_sqlbody(p.oid) AS prosqlbody
FROM pg_catalog.pg_proc p, pg_catalog.pg_language l
WHERE p.oid = $1 AND l.oid = p.prolang",12281,1230.18216,12281
SELECT pg_catalog.pg_get_viewdef($1::pg_catalog.oid) AS viewdef,2848,1301.024127,2848
"select set_config('search_path', $1, true), set_config($2, $3, true), set_config('role', $4, true), set_config('request.jwt.claims', $5, true), set_config('request.method', $6, true), set_config('request.path', $7, true), set_config('request.headers', $8, true), set_config('request.cookies', $9, true)",2388,167.845012000001,2388
SET client_min_messages TO WARNING,1983,11.741692,0
SET client_encoding = 'UTF8',1983,17.447639,0
BEGIN ISOLATION LEVEL READ COMMITTED READ ONLY,1756,19.396537,0
SHOW transaction_read_only,1644,40.2912989999999,0
"WITH
pks_uniques_cols AS (
  SELECT
    conrelid,
    array_agg(key order by key) as cols
  FROM pg_constraint,
  LATERAL unnest(conkey) AS _(key)
  WHERE
    contype IN ($1, $2)
    AND connamespace <> $3::regnamespace
  GROUP BY oid, conrelid
)
SELECT
  ns1.nspname AS table_schema,
  tab.relname AS table_name,
  ns2.nspname AS foreign_table_schema,
  other.relname AS foreign_table_name,
  traint.conrelid = traint.confrelid AS is_self,
  traint.conname  AS constraint_name,
  column_info.cols_and_fcols,
  (column_info.cols IN (SELECT cols FROM pks_uniques_cols WHERE conrelid = traint.conrelid)) AS one_to_one
FROM pg_constraint traint
JOIN LATERAL (
  SELECT
    array_agg(row(cols.attname, refs.attname) order by ord) AS cols_and_fcols,
    array_agg(cols.attnum order by cols.attnum) AS cols
  FROM unnest(traint.conkey, traint.confkey) WITH ORDINALITY AS _(col, ref, ord)
  JOIN pg_attribute cols ON cols.attrelid = traint.conrelid AND cols.attnum = col
  JOIN pg_attribute refs ON refs.attrelid = traint.confrelid AND refs.attnum = ref
) AS column_info ON $4
JOIN pg_namespace ns1 ON ns1.oid = traint.connamespace
JOIN pg_class tab ON tab.oid = traint.conrelid
JOIN pg_class other ON other.oid = traint.confrelid
JOIN pg_namespace ns2 ON ns2.oid = other.relnamespace
WHERE traint.contype = $5
AND traint.conparentid = $6
ORDER BY traint.conrelid, traint.conname",1397,1715.286118,46811
"WITH
-- Recursively get the base types of domains
base_types AS (
  WITH RECURSIVE
  recurse AS (
    SELECT
      oid,
      typbasetype,
      typnamespace AS base_namespace,
      COALESCE(NULLIF(typbasetype, $3), oid) AS base_type
    FROM pg_type
    UNION
    SELECT
      t.oid,
      b.typbasetype,
      b.typnamespace AS base_namespace,
      COALESCE(NULLIF(b.typbasetype, $4), b.oid) AS base_type
    FROM recurse t
    JOIN pg_type b ON t.typbasetype = b.oid
  )
  SELECT
    oid,
    base_namespace,
    base_type
  FROM recurse
  WHERE typbasetype = $5
),
arguments AS (
  SELECT
    oid,
    array_agg((
      COALESCE(name, $6), -- name
      type::regtype::text, -- type
      CASE type
        WHEN $7::regtype THEN $8
        WHEN $9::regtype THEN $10
        WHEN $11::regtype THEN $12
        WHEN $13::regtype THEN $14
        ELSE type::regtype::text
      END, -- convert types that ignore the length and accept any value till maximum size
      idx <= (pronargs - pronargdefaults), -- is_required
      COALESCE(mode = $15, $16) -- is_variadic
    ) ORDER BY idx) AS args,
    CASE COUNT(*) - COUNT(name) -- number of unnamed arguments
      WHEN $17 THEN $18
      WHEN $19 THEN (array_agg(type))[$20] IN ($21::regtype, $22::regtype, $23::regtype, $24::regtype, $25::regtype)
      ELSE $26
    END AS callable
  FROM pg_proc,
       unnest(proargnames, proargtypes, proargmodes)
         WITH ORDINALITY AS _ (name, type, mode, idx)
  WHERE type IS NOT NULL -- only input arguments
  GROUP BY oid
)
SELECT
  pn.nspname AS proc_schema,
  p.proname AS proc_name,
  d.description AS proc_description,
  COALESCE(a.args, $27) AS args,
  tn.nspname AS schema,
  COALESCE(comp.relname, t.typname) AS name,
  p.proretset AS rettype_is_setof,
  (t.typtype = $28
   -- if any TABLE, INOUT or OUT arguments present, treat as composite
   or COALESCE(proargmodes::text[] && $29, $30)
  ) AS rettype_is_composite,
  bt.oid <> bt.base_type as rettype_is_composite_alias,
  p.provolatile,
  p.provariadic > $31 as hasvariadic,
  lower((regexp_split_to_array((regexp_split_to_array(iso_config, $32))[$33], $34))[$35]) AS transaction_isolation_level,
  coalesce(func_settings.kvs, $36) as kvs
FROM pg_proc p
LEFT JOIN arguments a ON a.oid = p.oid
JOIN pg_namespace pn ON pn.oid = p.pronamespace
JOIN base_types bt ON bt.oid = p.prorettype
JOIN pg_type t ON t.oid = bt.base_type
JOIN pg_namespace tn ON tn.oid = t.typnamespace
LEFT JOIN pg_class comp ON comp.oid = t.typrelid
LEFT JOIN pg_description as d ON d.objoid = p.oid AND d.classoid = $37::regclass
LEFT JOIN LATERAL unnest(proconfig) iso_config ON iso_config LIKE $38
LEFT JOIN LATERAL (
  SELECT
    array_agg(row(
      substr(setting, $39, strpos(setting, $40) - $41),
      substr(setting, strpos(setting, $42) + $43)
    )) as kvs
  FROM unnest(proconfig) setting
  WHERE setting ~ ANY($2)
) func_settings ON $44
WHERE t.oid <> $45::regtype AND COALESCE(a.callable, $46)
AND prokind = $47
AND p.pronamespace = ANY($1::regnamespace[])",1397,34323.32903,311820
"WITH
role_setting AS (
  SELECT setdatabase as database,
         unnest(setconfig) as setting
  FROM pg_catalog.pg_db_role_setting
  WHERE setrole = CURRENT_USER::regrole::oid
    AND setdatabase IN ($2, (SELECT oid FROM pg_catalog.pg_database WHERE datname = CURRENT_CATALOG))
),
kv_settings AS (
  SELECT database,
         substr(setting, $3, strpos(setting, $4) - $5) as k,
         substr(setting, strpos(setting, $6) + $7) as v
  FROM role_setting
  
)
SELECT DISTINCT ON (key)
       replace(k, $8, $9) AS key,
       v AS value
FROM kv_settings
WHERE k = ANY($1) AND v IS NOT NULL
ORDER BY key, database DESC NULLS LAST",1397,92.493663,0
"WITH
-- Recursively get the base types of domains
base_types AS (
  WITH RECURSIVE
  recurse AS (
    SELECT
      oid,
      typbasetype,
      typnamespace AS base_namespace,
      COALESCE(NULLIF(typbasetype, $2), oid) AS base_type
    FROM pg_type
    UNION
    SELECT
      t.oid,
      b.typbasetype,
      b.typnamespace AS base_namespace,
      COALESCE(NULLIF(b.typbasetype, $3), b.oid) AS base_type
    FROM recurse t
    JOIN pg_type b ON t.typbasetype = b.oid
  )
  SELECT
    oid,
    base_namespace,
    base_type
  FROM recurse
  WHERE typbasetype = $4
),
columns AS (
    SELECT
        c.oid AS relid,
        a.attname::name AS column_name,
        d.description AS description,
        -- typbasetype and typdefaultbin handles `CREATE DOMAIN .. DEFAULT val`,  attidentity/attgenerated handles generated columns, pg_get_expr gets the default of a column
        CASE
          WHEN (t.typbasetype != $5) AND (ad.adbin IS NULL) THEN pg_get_expr(t.typdefaultbin, $6)
          WHEN a.attidentity  = $7 THEN format($8, seq.objid::regclass)
          WHEN a.attgenerated = $9 THEN $10
          ELSE pg_get_expr(ad.adbin, ad.adrelid)::text
        END AS column_default,
        not (a.attnotnull OR t.typtype = $11 AND t.typnotnull) AS is_nullable,
        CASE
            WHEN t.typtype = $12 THEN
            CASE
                WHEN bt.base_namespace = $13::regnamespace THEN format_type(bt.base_type, $14::integer)
                ELSE format_type(a.atttypid, a.atttypmod)
            END
            ELSE
            CASE
                WHEN t.typnamespace = $15::regnamespace THEN format_type(a.atttypid, $16::integer)
                ELSE format_type(a.atttypid, a.atttypmod)
            END
        END::text AS data_type,
        format_type(a.atttypid, a.atttypmod)::text AS nominal_data_type,
        information_schema._pg_char_max_length(
            information_schema._pg_truetypid(a.*, t.*),
            information_schema._pg_truetypmod(a.*, t.*)
        )::integer AS character_maximum_length,
        bt.base_type,
        a.attnum::integer AS position
    FROM pg_attribute a
        LEFT JOIN pg_description AS d
            ON d.objoid = a.attrelid and d.objsubid = a.attnum and d.classoid = $17::regclass
        LEFT JOIN pg_attrdef ad
            ON a.attrelid = ad.adrelid AND a.attnum = ad.adnum
        JOIN pg_class c
            ON a.attrelid = c.oid
        JOIN pg_type t
            ON a.atttypid = t.oid
        LEFT JOIN base_types bt
            ON t.oid = bt.oid
        LEFT JOIN pg_depend seq
            ON seq.refobjid = a.attrelid and seq.refobjsubid = a.attnum and seq.deptype = $18
    WHERE
        NOT pg_is_other_temp_schema(c.relnamespace)
        AND a.attnum > $19
        AND NOT a.attisdropped
        AND c.relkind in ($20, $21, $22, $23, $24)
        AND c.relnamespace = ANY($1::regnamespace[])
),
columns_agg AS (
  SELECT
    relid,
    array_agg(row(
      column_name,
      description,
      is_nullable::boolean,
      data_type,
      nominal_data_type,
      character_maximum_length,
      column_default,
      coalesce(
        (SELECT array_agg(enumlabel ORDER BY enumsortorder) FROM pg_enum WHERE enumtypid = base_type),
        $25
      )
    ) order by position) as columns
  FROM columns
  GROUP BY relid
),
tbl_pk_cols AS (
  SELECT
    r.oid AS relid,
    array_agg(a.attname ORDER BY a.attname) AS pk_cols
  FROM pg_class r
  JOIN pg_constraint c
    ON r.oid = c.conrelid
  JOIN pg_attribute a
    ON a.attrelid = r.oid AND a.attnum = ANY (c.conkey)
  WHERE
    c.contype in ($26)
    AND r.relkind IN ($27, $28)
    AND r.relnamespace NOT IN ($29::regnamespace, $30::regnamespace)
    AND NOT pg_is_other_temp_schema(r.relnamespace)
    AND NOT a.attisdropped
  GROUP BY r.oid
)
SELECT
  n.nspname AS table_schema,
  c.relname AS table_name,
  d.description AS table_description,
  c.relkind IN ($31,$32) as is_view,
  (
    c.relkind IN ($33,$34)
    OR (
      c.relkind in ($35,$36)
      -- The function `pg_relation_is_updateable` returns a bitmask where 8
      -- corresponds to `1 << CMD_INSERT` in the PostgreSQL source code, i.e.
      -- it's possible to insert into the relation.
      AND (pg_relation_is_updatable(c.oid::regclass, $37) & $38) = $39
    )
  ) AS insertable,
  (
    c.relkind IN ($40,$41)
    OR (
      c.relkind in ($42,$43)
      -- CMD_UPDATE
      AND (pg_relation_is_updatable(c.oid::regclass, $44) & $45) = $46
    )
  ) AS updatable,
  (
    c.relkind IN ($47,$48)
    OR (
      c.relkind in ($49,$50)
      -- CMD_DELETE
      AND (pg_relation_is_updatable(c.oid::regclass, $51) & $52) = $53
    )
  ) AS deletable,
  coalesce(tpks.pk_cols, $54) as pk_cols,
  coalesce(cols_agg.columns, $55) as columns
FROM pg_class c
JOIN pg_namespace n ON n.oid = c.relnamespace
LEFT JOIN pg_description d on d.objoid = c.oid and d.objsubid = $56 and d.classoid = $57::regclass
LEFT JOIN tbl_pk_cols tpks ON c.oid = tpks.relid
LEFT JOIN columns_agg cols_agg ON c.oid = cols_agg.relid
WHERE c.relkind IN ($58,$59,$60,$61,$62)
AND c.relnamespace NOT IN ($63::regnamespace, $64::regnamespace)
AND not c.relispartition
ORDER BY table_schema, table_name",1397,33851.555228,167758
"with
all_relations as (
  select reltype
  from pg_class
  where relkind in ($2,$3,$4,$5,$6)
  union
  select oid
  from pg_type
  where typname = $7
),
media_types as (
    SELECT
      t.oid,
      lower(t.typname) as typname,
      t.typnamespace,
      case t.typname
        when $8 then $9
        else t.typname
      end as resolved_media_type
    FROM pg_type t
    JOIN pg_type b ON t.typbasetype = b.oid
    WHERE
      t.typbasetype <> $10 and
      (t.typname ~* $11 or t.typname = $12)
)
select
  proc_schema.nspname           as handler_schema,
  proc.proname                  as handler_name,
  arg_schema.nspname::text      as target_schema,
  arg_name.typname::text        as target_name,
  media_types.typname           as media_type,
  media_types.resolved_media_type
from media_types
  join pg_proc      proc         on proc.prorettype = media_types.oid
  join pg_namespace proc_schema  on proc_schema.oid = proc.pronamespace
  join pg_aggregate agg          on agg.aggfnoid = proc.oid
  join pg_type      arg_name     on arg_name.oid = proc.proargtypes[$13]
  join pg_namespace arg_schema   on arg_schema.oid = arg_name.typnamespace
where
  proc.pronamespace = ANY($1::regnamespace[]) and
  proc.pronargs = $14 and
  arg_name.oid in (select reltype from all_relations)
union
select
    typ_sch.nspname as handler_schema,
    mtype.typname   as handler_name,
    pro_sch.nspname as target_schema,
    proname         as target_name,
    mtype.typname   as media_type,
    mtype.resolved_media_type
from pg_proc proc
  join pg_namespace pro_sch on pro_sch.oid = proc.pronamespace
  join media_types mtype on proc.prorettype = mtype.oid
  join pg_namespace typ_sch     on typ_sch.oid = mtype.typnamespace
where
  proc.pronamespace = ANY($1::regnamespace[]) and NOT proretset
  and prokind = $15",1397,571.449586,0
"with
role_setting as (
  select r.rolname, unnest(r.rolconfig) as setting
  from pg_auth_members m
  join pg_roles r on r.oid = m.roleid
  where member = current_user::regrole::oid
),
kv_settings AS (
  SELECT
    rolname,
    substr(setting, $1, strpos(setting, $2) - $3) as key,
    lower(substr(setting, strpos(setting, $4) + $5)) as value
  FROM role_setting
),
iso_setting AS (
  SELECT rolname, value
  FROM kv_settings
  WHERE key = $6
)
select
  kv.rolname,
  i.value as iso_lvl,
  coalesce(array_agg(row(kv.key, kv.value)) filter (where key <> $7), $8) as role_settings
from kv_settings kv
join pg_settings ps on ps.name = kv.key and (ps.context = $9 or has_parameter_privilege(current_user::regrole::oid, ps.name, $10))
left join iso_setting i on i.rolname = kv.rolname
group by kv.rolname, i.value",1397,2836.51774799999,2794
"SELECT current_setting($1)::integer, current_setting($2), version()",1397,15.246181,1397
COMMIT,1397,1.737483,0
"with
all_relations as (
  select reltype
  from pg_class
  where relkind in ($1,$2,$3,$4,$5)
),
computed_rels as (
  select
    (parse_ident(p.pronamespace::regnamespace::text))[$6] as schema,
    p.proname::text                  as name,
    arg_schema.nspname::text         as rel_table_schema,
    arg_name.typname::text           as rel_table_name,
    ret_schema.nspname::text         as rel_ftable_schema,
    ret_name.typname::text           as rel_ftable_name,
    not p.proretset or p.prorows = $7 as single_row
  from pg_proc p
    join pg_type      arg_name   on arg_name.oid = p.proargtypes[$8]
    join pg_namespace arg_schema on arg_schema.oid = arg_name.typnamespace
    join pg_type      ret_name   on ret_name.oid = p.prorettype
    join pg_namespace ret_schema on ret_schema.oid = ret_name.typnamespace
  where
    p.pronargs = $9
    and p.proargtypes[$10] in (select reltype from all_relations)
    and p.prorettype in (select reltype from all_relations)
)
select
  *,
  row(rel_table_schema, rel_table_name) = row(rel_ftable_schema, rel_ftable_name) as is_self
from computed_rels",1397,2365.774295,0
set local schema '',1397,8.34740599999999,0
"SELECT
  c.castsource::regtype::text,
  c.casttarget::regtype::text,
  c.castfunc::regproc::text
FROM
  pg_catalog.pg_cast c
JOIN pg_catalog.pg_type src_t
  ON c.castsource::oid = src_t.oid
JOIN pg_catalog.pg_type dst_t
  ON c.casttarget::oid = dst_t.oid
WHERE
  c.castcontext = $1
  AND c.castmethod = $2
  AND has_function_privilege(c.castfunc, $3)
  AND ((src_t.typtype = $4 AND c.casttarget IN ($5::regtype::oid , $6::regtype::oid))
   OR (dst_t.typtype = $7 AND c.castsource IN ($8::regtype::oid , $9::regtype::oid)))",1397,667.382252000001,0
"with recursive
pks_fks as (
  -- pk + fk referencing col
  select
    contype::text as contype,
    conname,
    array_length(conkey, $3) as ncol,
    conrelid as resorigtbl,
    col as resorigcol,
    ord
  from pg_constraint
  left join lateral unnest(conkey) with ordinality as _(col, ord) on $4
  where contype IN ($5, $6)
  union
  -- fk referenced col
  select
    concat(contype, $7) as contype,
    conname,
    array_length(confkey, $8) as ncol,
    confrelid,
    col,
    ord
  from pg_constraint
  left join lateral unnest(confkey) with ordinality as _(col, ord) on $9
  where contype=$10
),
views as (
  select
    c.oid          as view_id,
    c.relnamespace as view_schema_id,
    n.nspname      as view_schema,
    c.relname      as view_name,
    r.ev_action    as view_definition
  from pg_class c
  join pg_namespace n on n.oid = c.relnamespace
  join pg_rewrite r on r.ev_class = c.oid
  where c.relkind in ($11, $12) and c.relnamespace = ANY($1::regnamespace[] || $2::regnamespace[])
),
transform_json as (
  select
    view_id, view_schema_id, view_schema, view_name,
    -- the following formatting is without indentation on purpose
    -- to allow simple diffs, with less whitespace noise
    replace(
      replace(
      replace(
      replace(
      replace(
      replace(
      replace(
      regexp_replace(
      replace(
      replace(
      replace(
      replace(
      replace(
      replace(
      replace(
      replace(
      replace(
      replace(
      replace(
        view_definition::text,
      -- This conversion to json is heavily optimized for performance.
      -- The general idea is to use as few regexp_replace() calls as possible.
      -- Simple replace() is a lot faster, so we jump through some hoops
      -- to be able to use regexp_replace() only once.
      -- This has been tested against a huge schema with 250+ different views.
      -- The unit tests do NOT reflect all possible inputs. Be careful when changing this!
      -- -----------------------------------------------
      -- pattern           | replacement         | flags
      -- -----------------------------------------------
      -- `<>` in pg_node_tree is the same as `null` in JSON, but due to very poor performance of json_typeof
      -- we need to make this an empty array here to prevent json_array_elements from throwing an error
      -- when the targetList is null.
      -- We'll need to put it first, to make the node protection below work for node lists that start with
      -- null: `(<> ...`, too. This is the case for coldefexprs, when the first column does not have a default value.
         $13              , $14
      -- `,` is not part of the pg_node_tree format, but used in the regex.
      -- This removes all `,` that might be part of column names.
      ), $15               , $16
      -- The same applies for `{` and `}`, although those are used a lot in pg_node_tree.
      -- We remove the escaped ones, which might be part of column names again.
      ), $17            , $18
      ), $19            , $20
      -- The fields we need are formatted as json manually to protect them from the regex.
      ), $21   , $22
      ), $23        , $24
      ), $25   , $26
      ), $27   , $28
      -- Make the regex also match the node type, e.g. `{QUERY ...`, to remove it in one pass.
      ), $29               , $30
      -- Protect node lists, which start with `({` or `((` from the greedy regex.
      -- The extra `{` is removed again later.
      ), $31              , $32
      ), $33              , $34
      -- This regex removes all unused fields to avoid the need to format all of them correctly.
      -- This leads to a smaller json result as well.
      -- Removal stops at `,` for used fields (see above) and `}` for the end of the current node.
      -- Nesting can't be parsed correctly with a regex, so we stop at `{` as well and
      -- add an empty key for the followig node.
      ), $35       , $36              , $37
      -- For performance, the regex also added those empty keys when hitting a `,` or `}`.
      -- Those are removed next.
      ), $38           , $39
      ), $40           , $41
      -- This reverses the ""node list protection"" from above.
      ), $42              , $43
      -- Every key above has been added with a `,` so far. The first key in an object doesn't need it.
      ), $44              , $45
      -- pg_node_tree has `()` around lists, but JSON uses `[]`
      ), $46               , $47
      ), $48               , $49
      -- pg_node_tree has ` ` between list items, but JSON uses `,`
      ), $50             , $51
    )::json as view_definition
  from views
),
target_entries as(
  select
    view_id, view_schema_id, view_schema, view_name,
    json_array_elements(view_definition->$52->$53) as entry
  from transform_json
),
results as(
  select
    view_id, view_schema_id, view_schema, view_name,
    (entry->>$54)::int as view_column,
    (entry->>$55)::oid as resorigtbl,
    (entry->>$56)::int as resorigcol
  from target_entries
),
-- CYCLE detection according to PG docs: https://www.postgresql.org/docs/current/queries-with.html#QUERIES-WITH-CYCLE
-- Can be replaced with CYCLE clause once PG v13 is EOL.
recursion(view_id, view_schema_id, view_schema, view_name, view_column, resorigtbl, resorigcol, is_cycle, path) as(
  select
    r.*,
    $57,
    ARRAY[resorigtbl]
  from results r
  where view_schema_id = ANY ($1::regnamespace[])
  union all
  select
    view.view_id,
    view.view_schema_id,
    view.view_schema,
    view.view_name,
    view.view_column,
    tab.resorigtbl,
    tab.resorigcol,
    tab.resorigtbl = ANY(path),
    path || tab.resorigtbl
  from recursion view
  join results tab on view.resorigtbl=tab.view_id and view.resorigcol=tab.view_column
  where not is_cycle
),
repeated_references as(
  select
    view_id,
    view_schema,
    view_name,
    resorigtbl,
    resorigcol,
    array_agg(attname) as view_columns
  from recursion
  join pg_attribute vcol on vcol.attrelid = view_id and vcol.attnum = view_column
  group by
    view_id,
    view_schema,
    view_name,
    resorigtbl,
    resorigcol
)
select
  sch.nspname as table_schema,
  tbl.relname as table_name,
  rep.view_schema,
  rep.view_name,
  pks_fks.conname as constraint_name,
  pks_fks.contype as constraint_type,
  array_agg(row(col.attname, view_columns) order by pks_fks.ord) as column_dependencies
from repeated_references rep
join pks_fks using (resorigtbl, resorigcol)
join pg_class tbl on tbl.oid = rep.resorigtbl
join pg_attribute col on col.attrelid = tbl.oid and col.attnum = rep.resorigcol
join pg_namespace sch on sch.oid = tbl.relnamespace
group by sch.nspname, tbl.relname, rep.view_schema, rep.view_name, pks_fks.conname, pks_fks.contype, pks_fks.ncol
-- make sure we only return key for which all columns are referenced in the view - no partial PKs or FKs
having ncol = array_length(array_agg(row(col.attname, view_columns) order by pks_fks.ord), $58)",1397,13353.197756,64172
SELECT name FROM pg_timezone_names,1396,103693.647862,1666824
SET idle_session_timeout='58s',1057,3.192387,0
SET statement_timeout='58s',1057,15.915253,0
"PREPARE dumpEnumType(pg_catalog.oid) AS
SELECT oid, enumlabel FROM pg_catalog.pg_enum WHERE enumtypid = $1 ORDER BY enumsortorder",740,13.1952,4063
"SELECT sessions.aal, sessions.created_at, sessions.factor_id, sessions.id, sessions.ip, sessions.not_after, sessions.oauth_client_id, sessions.refresh_token_counter, sessions.refresh_token_hmac_key, sessions.refreshed_at, sessions.scopes, sessions.tag, sessions.updated_at, sessions.user_agent, sessions.user_id FROM sessions AS sessions WHERE id = $1 LIMIT $2",609,108.247794,609
"SELECT mfa_amr_claims.authentication_method, mfa_amr_claims.created_at, mfa_amr_claims.id, mfa_amr_claims.session_id, mfa_amr_claims.updated_at FROM mfa_amr_claims AS mfa_amr_claims WHERE session_id = $1",609,32.246395,609
"SELECT mfa_factors.created_at, mfa_factors.factor_type, mfa_factors.friendly_name, mfa_factors.id, mfa_factors.last_challenged_at, mfa_factors.last_webauthn_challenge_data, mfa_factors.phone, mfa_factors.secret, mfa_factors.status, mfa_factors.updated_at, mfa_factors.user_id, mfa_factors.web_authn_aaguid, mfa_factors.web_authn_credential FROM mfa_factors AS mfa_factors WHERE user_id = $1",605,7.48317799999999,0
"SELECT identities.created_at, identities.email, identities.id, identities.identity_data, identities.last_sign_in_at, identities.provider, identities.provider_id, identities.updated_at, identities.user_id FROM identities AS identities WHERE user_id = $1",605,75.081424,605
"SELECT users.aud, users.banned_until, users.confirmation_sent_at, users.confirmation_token, users.confirmed_at, users.created_at, users.deleted_at, users.email, users.email_change, users.email_change_confirm_status, users.email_change_sent_at, users.email_change_token_current, users.email_change_token_new, users.email_confirmed_at, users.encrypted_password, users.id, users.instance_id, users.invited_at, users.is_anonymous, users.is_sso_user, users.last_sign_in_at, users.phone, users.phone_change, users.phone_change_sent_at, users.phone_change_token, users.phone_confirmed_at, users.raw_app_meta_data, users.raw_user_meta_data, users.reauthentication_sent_at, users.reauthentication_token, users.recovery_sent_at, users.recovery_token, users.role, users.updated_at FROM users AS users WHERE instance_id = $1 and id = $2 LIMIT $3",560,74.639599,551
select setting from pg_config where name = $1,548,101.908625,548
BEGIN ISOLATION LEVEL READ COMMITTED READ WRITE,490,7.89980099999999,0
COMMIT,488,0.664983,0
"WITH pgrst_source AS (SELECT ""pgrst_call"".* FROM ""public"".""get_my_profile""() pgrst_call) SELECT $3::bigint AS total_result_set, $4 AS page_total, coalesce(json_agg(_postgrest_t)->$5, $6) AS body, nullif(current_setting($7, $8), $9) AS response_headers, nullif(current_setting($10, $11), $12) AS response_status, $13 AS response_inserted FROM (SELECT ""profiles"".* FROM ""pgrst_source"" AS ""profiles""   LIMIT $1 OFFSET $2) _postgrest_t",475,1203.426561,475
SET statement_timeout='58s',393,6.13669699999999,0
SET idle_session_timeout='58s',393,2.087518,0
"WITH pgrst_source AS (SELECT ""pgrst_call"".* FROM ""public"".""get_job_titles_public""() pgrst_call) SELECT $3::bigint AS total_result_set, pg_catalog.count(_postgrest_t) AS page_total, coalesce(json_agg(_postgrest_t), $4) AS body, nullif(current_setting($5, $6), $7) AS response_headers, nullif(current_setting($8, $9), $10) AS response_status, $11 AS response_inserted FROM (SELECT ""job_titles"".* FROM ""pgrst_source"" AS ""job_titles""   LIMIT $1 OFFSET $2) _postgrest_t",391,416.396113,391
"WITH pgrst_source AS (SELECT ""pgrst_call"".* FROM (SELECT $1 AS json_data) pgrst_payload, LATERAL (SELECT ""p_avatar_id"" FROM json_to_record(pgrst_payload.json_data) AS _(""p_avatar_id"" uuid) LIMIT $4) pgrst_body , LATERAL ""public"".""get_avatar_by_id_public""(""p_avatar_id"" := pgrst_body.""p_avatar_id"") pgrst_call) SELECT $5::bigint AS total_result_set, $6 AS page_total, coalesce(json_agg(_postgrest_t)->$7, $8) AS body, nullif(current_setting($9, $10), $11) AS response_headers, nullif(current_setting($12, $13), $14) AS response_status, $15 AS response_inserted FROM (SELECT ""avatars"".* FROM ""pgrst_source"" AS ""avatars""   LIMIT $2 OFFSET $3) _postgrest_t",362,342.799267,362
COMMIT,300,0.348386,0
"WITH pgrst_source AS (SELECT ""pgrst_call"".* FROM (SELECT $1 AS json_data) pgrst_payload, LATERAL (SELECT ""p_query"" FROM json_to_record(pgrst_payload.json_data) AS _(""p_query"" text) LIMIT $4) pgrst_body , LATERAL ""public"".""get_organizations_public""(""p_query"" := pgrst_body.""p_query"") pgrst_call) SELECT $5::bigint AS total_result_set, pg_catalog.count(_postgrest_t) AS page_total, coalesce(json_agg(_postgrest_t), $6) AS body, nullif(current_setting($7, $8), $9) AS response_headers, nullif(current_setting($10, $11), $12) AS response_status, $13 AS response_inserted FROM (SELECT ""record"".* FROM ""pgrst_source"" AS ""record""   LIMIT $2 OFFSET $3) _postgrest_t",298,410.95613,298
BEGIN,292,0.683945,0
"SELECT set_config($2, $1, $3)",292,34.603603,292
"SELECT
          set_config('role', $1, true),
          set_config('request.jwt.claim.role', $2, true),
          set_config('request.jwt', $3, true),
          set_config('request.jwt.claim.sub', $4, true),
          set_config('request.jwt.claims', $5, true),
          set_config('request.headers', $6, true),
          set_config('request.method', $7, true),
          set_config('request.path', $8, true),
          set_config('storage.operation', $9, true)",290,39.868987,290
ABORT,263,0.356416,0
"SELECT pg_catalog.format_type($1::pg_catalog.oid, $2)",238,3.276142,238
set pg_stat_statements.track = none,224,0.504548,0
begin,170,0.167079,0
commit,168,0.166121,0
select exists(select $1 from auth.users),165,30.342953,165
deallocate $1,149,0.377356,0
BEGIN,147,0.193195,0
COMMIT,143,0.204349,0
SELECT * FROM pgbouncer.get_auth($1),133,313.882881,133
"WITH pgrst_source AS (SELECT ""pgrst_call"".* FROM ""public"".""fn_list_tables_and_columns""() pgrst_call) SELECT $3::bigint AS total_result_set, pg_catalog.count(_postgrest_t) AS page_total, coalesce(json_agg(_postgrest_t), $4) AS body, nullif(current_setting($5, $6), $7) AS response_headers, nullif(current_setting($8, $9), $10) AS response_status, $11 AS response_inserted FROM (SELECT ""record"".* FROM ""pgrst_source"" AS ""record""   LIMIT $1 OFFSET $2) _postgrest_t",113,5259.748893,113
"-- Adapted from information_schema.schemata

select
  n.oid as id,
  n.nspname as name,
  u.rolname as owner,
   obj_description(n.oid, $1) AS comment
from
  pg_namespace n,
  pg_roles u
where
  n.nspowner = u.oid
  and (
    pg_has_role(n.nspowner, $2)
    or has_schema_privilege(n.oid, $3)
  )
  and not pg_catalog.starts_with(n.nspname, $4)
  and not pg_catalog.starts_with(n.nspname, $5)
 and not (n.nspname in ($6,$7,$8))

-- source: dashboard
-- user: 8075c1a2-da12-4dce-901d-1b970a3e0101
-- date: 2026-02-01T01:59:40.011Z",113,472.05049,1017
"with base_table_info as ( select c.oid::int8 as id, nc.nspname as schema, c.relname as name, c.relkind, c.relrowsecurity as rls_enabled, c.relforcerowsecurity as rls_forced, c.relreplident, c.relowner, obj_description(c.oid) as comment, fs.srvname as foreign_server_name, fdw.fdwname as foreign_data_wrapper_name, fdw_handler.proname as foreign_data_wrapper_handler from pg_class c join pg_namespace nc on nc.oid = c.relnamespace left join pg_foreign_table ft on ft.ftrelid = c.oid left join pg_foreign_server fs on fs.oid = ft.ftserver left join pg_foreign_data_wrapper fdw on fdw.oid = fs.srvfdw left join pg_proc fdw_handler on fdw.fdwhandler = fdw_handler.oid where c.oid = $1 and not pg_is_other_temp_schema(nc.oid) and ( pg_has_role(c.relowner, $2) or has_table_privilege( c.oid, $3 ) or has_any_column_privilege(c.oid, $4) ) ), table_stats as ( select b.id, case when b.relreplident = $5 then $6 when b.relreplident = $7 then $8 when b.relreplident = $9 then $10 else $11 end as replica_identity, pg_total_relation_size(format($12, b.schema, b.name))::int8 as bytes, pg_size_pretty(pg_total_relation_size(format($13, b.schema, b.name))) as size, pg_stat_get_live_tuples(b.id) as live_rows_estimate, pg_stat_get_dead_tuples(b.id) as dead_rows_estimate from base_table_info b where b.relkind in ($14, $15) ), primary_keys as ( select i.indrelid as table_id, jsonb_agg( jsonb_build_object( $16, n.nspname, $17, c.relname, $18, i.indrelid::int8, $19, a.attname ) order by array_position(i.indkey, a.attnum) ) as primary_keys from pg_index i join pg_class c on i.indrelid = c.oid join pg_namespace n on c.relnamespace = n.oid join pg_attribute a on a.attrelid = c.oid and a.attnum = any(i.indkey) where i.indisprimary group by i.indrelid ), index_cols as ( select i.indrelid as table_id, i.indkey, array_agg( a.attname order by array_position(i.indkey, a.attnum) ) as columns from pg_index i join pg_class c on i.indrelid = c.oid join pg_attribute a on a.attrelid = c.oid and a.attnum = any(i.indkey) where i.indisunique and i.indisprimary = $20 group by i.indrelid, i.indkey ), unique_indexes as ( select ic.table_id, jsonb_agg( jsonb_build_object( $21, n.nspname, $22, c.relname, $23, ic.table_id::int8, $24, ic.columns ) ) as unique_indexes from index_cols ic join pg_class c on c.oid = ic.table_id join pg_namespace n on n.oid = c.relnamespace group by ic.table_id ), relationships as ( select c.conrelid as source_id, c.confrelid as target_id, jsonb_build_object( $25, c.oid::int8, $26, c.conname, $27, c.confdeltype, $28, c.confupdtype, $29, nsa.nspname, $30, csa.relname, $31, sa.attname, $32, nta.nspname, $33, cta.relname, $34, ta.attname ) as rel_info from pg_constraint c join pg_class csa on c.conrelid = csa.oid join pg_namespace nsa on csa.relnamespace = nsa.oid join pg_attribute sa on (sa.attrelid = c.conrelid and sa.attnum = any(c.conkey)) join pg_class cta on c.confrelid = cta.oid join pg_namespace nta on cta.relnamespace = nta.oid join pg_attribute ta on (ta.attrelid = c.confrelid and ta.attnum = any(c.confkey)) where c.contype = $35 ), columns as ( select a.attrelid as table_id, jsonb_agg(jsonb_build_object( $36, (a.attrelid || $37 || a.attnum), $38, c.oid::int8, $39, nc.nspname, $40, c.relname, $41, a.attnum, $42, a.attname, $43, case when a.atthasdef then pg_get_expr(ad.adbin, ad.adrelid) else $44 end, $45, case when t.typtype = $46 then case when bt.typelem <> $47::oid and bt.typlen = $48 then $49 when nbt.nspname = $50 then format_type(t.typbasetype, $51) else $52 end else case when t.typelem <> $53::oid and t.typlen = $54 then $55 when nt.nspname = $56 then format_type(a.atttypid, $57) else $58 end end, $59, case when t.typtype = $60 then case when nt.nspname <> $61 then concat(nt.nspname, $62, coalesce(bt.typname, t.typname)) else coalesce(bt.typname, t.typname) end else coalesce(bt.typname, t.typname) end, $63, a.attidentity in ($64, $65), $66, case a.attidentity when $67 then $68 when $69 then $70 else $71 end, $72, a.attgenerated in ($73), $74, not (a.attnotnull or t.typtype = $75 and t.typnotnull), $76, ( b.relkind in ($77, $78) or (b.relkind in ($79, $80) and pg_column_is_updatable(b.id, a.attnum, $81)) ), $82, uniques.table_id is not null, $83, check_constraints.definition, $84, col_description(c.oid, a.attnum), $85, coalesce( ( select jsonb_agg(e.enumlabel order by e.enumsortorder) from pg_catalog.pg_enum e where e.enumtypid = coalesce(bt.oid, t.oid) or e.enumtypid = coalesce(bt.typelem, t.typelem) ), $86::jsonb ) ) order by a.attnum) as columns from pg_attribute a join base_table_info b on a.attrelid = b.id join pg_class c on a.attrelid = c.oid join pg_namespace nc on c.relnamespace = nc.oid left join pg_attrdef ad on (a.attrelid = ad.adrelid and a.attnum = ad.adnum) join pg_type t on a.atttypid = t.oid join pg_namespace nt on t.typnamespace = nt.oid left join pg_type bt on (t.typtype = $87 and t.typbasetype = bt.oid) left join pg_namespace nbt on bt.typnamespace = nbt.oid left join ( select conrelid as table_id, conkey[$88] as ordinal_position from pg_catalog.pg_constraint where contype = $89 and cardinality(conkey) = $90 group by conrelid, conkey[1] ) as uniques on uniques.table_id = a.attrelid and uniques.ordinal_position = a.attnum left join ( select distinct on (conrelid, conkey[1]) conrelid as table_id, conkey[$91] as ordinal_position, substring( pg_get_constraintdef(oid, $92), $93, length(pg_get_constraintdef(oid, $94)) - $95 ) as definition from pg_constraint where contype = $96 and cardinality(conkey) = $97 order by conrelid, conkey[1], oid asc ) as check_constraints on check_constraints.table_id = a.attrelid and check_constraints.ordinal_position = a.attnum where a.attnum > $98 and not a.attisdropped group by a.attrelid ) select case b.relkind when $99 then jsonb_build_object( $100, b.relkind, $101, b.id, $102, b.schema, $103, b.name, $104, b.rls_enabled, $105, b.rls_forced, $106, ts.replica_identity, $107, ts.bytes, $108, ts.size, $109, ts.live_rows_estimate, $110, ts.dead_rows_estimate, $111, b.comment, $112, coalesce(pk.primary_keys, $113::jsonb), $114, coalesce(ui.unique_indexes, $115::jsonb), $116, coalesce( (select jsonb_agg(r.rel_info) from relationships r where r.source_id = b.id or r.target_id = b.id), $117::jsonb ), $118, coalesce(c.columns, $119::jsonb) ) when $120 then jsonb_build_object( $121, b.relkind, $122, b.id, $123, b.schema, $124, b.name, $125, b.rls_enabled, $126, b.rls_forced, $127, ts.replica_identity, $128, ts.bytes, $129, ts.size, $130, ts.live_rows_estimate, $131, ts.dead_rows_estimate, $132, b.comment, $133, coalesce(pk.primary_keys, $134::jsonb), $135, coalesce(ui.unique_indexes, $136::jsonb), $137, coalesce( (select jsonb_agg(r.rel_info) from relationships r where r.source_id = b.id or r.target_id = b.id), $138::jsonb ), $139, coalesce(c.columns, $140::jsonb) ) when $141 then jsonb_build_object( $142, b.relkind, $143, b.id, $144, b.schema, $145, b.name, $146, (pg_relation_is_updatable(b.id, $147) & $148) = $149, $150, b.comment, $151, coalesce(c.columns, $152::jsonb) ) when $153 then jsonb_build_object( $154, b.relkind, $155, b.id, $156, b.schema, $157, b.name, $158, $159, $160, b.comment, $161, coalesce(c.columns, $162::jsonb) ) when $163 then jsonb_build_object( $164, b.relkind, $165, b.id, $166, b.schema, $167, b.name, $168, b.comment, $169, b.foreign_server_name, $170, b.foreign_data_wrapper_name, $171, b.foreign_data_wrapper_handler, $172, coalesce(c.columns, $173::jsonb) ) end as entity from base_table_info b left join table_stats ts on b.id = ts.id left join primary_keys pk on b.id = pk.table_id left join unique_indexes ui on b.id = ui.table_id left join columns c on b.id = c.table_id",104,2117.180412,103
"SELECT
  e.name,
  n.nspname AS schema,
  e.default_version,
  x.extversion AS installed_version,
  e.comment
FROM
  pg_available_extensions() e(name, default_version, comment)
  LEFT JOIN pg_extension x ON e.name = x.extname
  LEFT JOIN pg_namespace n ON x.extnamespace = n.oid
WHERE
  $1",100,9967.864957,7800
"select
      s.oid as ""id"",
      w.fdwname as ""name"",
      s.srvname as ""server_name"",
      s.srvoptions as ""server_options"",
      c.proname as ""handler"",
      (
        select jsonb_agg(
          jsonb_build_object(
            $1, c.oid::bigint,
            $2, relnamespace::regnamespace::text,
            $3, c.relname,
            $4, (
              select jsonb_agg(
                jsonb_build_object(
                  $5, a.attname,
                  $6, pg_catalog.format_type(a.atttypid, a.atttypmod)
                )
              )
              from pg_catalog.pg_attribute a
              where a.attrelid = c.oid and a.attnum > $7 and not a.attisdropped
            ),
            $8, t.ftoptions
          )
        )
        from pg_catalog.pg_class c
        join pg_catalog.pg_foreign_table t on c.oid = t.ftrelid
        where c.oid = any (select t.ftrelid from pg_catalog.pg_foreign_table t where t.ftserver = s.oid)
      ) as ""tables""
    from pg_catalog.pg_foreign_server s
    join pg_catalog.pg_foreign_data_wrapper w on s.srvfdw = w.oid
    join pg_catalog.pg_proc c on w.fdwhandler = c.oid",97,2.233936,0
"SELECT pg_catalog.obj_description($1::regnamespace, $2)",92,396.812123,92
"select set_config('search_path', $1, true), set_config('role', $2, true), set_config('request.jwt.claims', $3, true), set_config('request.method', $4, true), set_config('request.path', $5, true), set_config('request.headers', $6, true), set_config('request.cookies', $7, true)",92,12.934942,92
"WITH pgrst_source AS (SELECT pgrst_call.pgrst_scalar FROM (SELECT $1 AS json_data) pgrst_payload, LATERAL (SELECT ""p_organization_id"", ""p_members_page"", ""p_page_size"" FROM json_to_record(pgrst_payload.json_data) AS _(""p_organization_id"" uuid, ""p_members_page"" integer, ""p_page_size"" integer) LIMIT $4) pgrst_body , LATERAL (SELECT ""public"".""rpc_org_dashboard_payload""(""p_organization_id"" := pgrst_body.""p_organization_id"", ""p_members_page"" := pgrst_body.""p_members_page"", ""p_page_size"" := pgrst_body.""p_page_size"") pgrst_scalar) pgrst_call) SELECT $5::bigint AS total_result_set, $6 AS page_total, coalesce(json_agg(_postgrest_t.pgrst_scalar)->$7, $8) AS body, nullif(current_setting($9, $10), $11) AS response_headers, nullif(current_setting($12, $13), $14) AS response_status, $15 AS response_inserted FROM (SELECT ""rpc_org_dashboard_payload"".* FROM ""pgrst_source"" AS ""rpc_org_dashboard_payload""   LIMIT $2 OFFSET $3) _postgrest_t",88,1485.024353,88
"SELECT pg_catalog.set_config($1, $2, $3)",83,0.904006,83
"-- CTE with sane arg_modes, arg_names, and arg_types.
-- All three are always of the same length.
-- All three include all args, including OUT and TABLE args.
with functions as (
  select
    p.*,
    -- proargmodes is null when all arg modes are IN
    coalesce(
      p.proargmodes,
      array_fill($1::text, array[cardinality(coalesce(p.proallargtypes, p.proargtypes))])
    ) as arg_modes,
    -- proargnames is null when all args are unnamed
    coalesce(
      p.proargnames,
      array_fill($2::text, array[cardinality(coalesce(p.proallargtypes, p.proargtypes))])
    ) as arg_names,
    -- proallargtypes is null when all arg modes are IN
    coalesce(p.proallargtypes, p.proargtypes) as arg_types,
    array_cat(
      array_fill($3, array[pronargs - pronargdefaults]),
      array_fill($4, array[pronargdefaults])) as arg_has_defaults
  from
    pg_proc as p
    join pg_namespace n on p.pronamespace = n.oid
  where
    n.nspname IN ($5,$6) AND
    
    
    
    p.prokind = $7
)
select
  f.oid::int8 as id,
  n.nspname as schema,
  f.proname as name,
  l.lanname as language,
  case
    when l.lanname = $8 then $9
    else f.prosrc
  end as definition,
  case
    when l.lanname = $10 then f.prosrc
    else pg_get_functiondef(f.oid)
  end as complete_statement,
  coalesce(f_args.args, $11) as args,
  pg_get_function_arguments(f.oid) as argument_types,
  pg_get_function_identity_arguments(f.oid) as identity_argument_types,
  f.prorettype::int8 as return_type_id,
  pg_get_function_result(f.oid) as return_type,
  nullif(rt.typrelid::int8, $12) as return_type_relation_id,
  f.proretset as is_set_returning_function,
  case
    when f.proretset then nullif(f.prorows, $13)
    else $14
  end as prorows,
  case
    when f.provolatile = $15 then $16
    when f.provolatile = $17 then $18
    when f.provolatile = $19 then $20
  end as behavior,
  f.prosecdef as security_definer,
  f_config.config_params as config_params
from
  functions f
  left join pg_namespace n on f.pronamespace = n.oid
  left join pg_language l on f.prolang = l.oid
  left join pg_type rt on rt.oid = f.prorettype
  left join (
    select
      oid,
      jsonb_object_agg(param, value) filter (where param is not null) as config_params
    from
      (
        select
          oid,
          (string_to_array(unnest(proconfig), $21))[$22] as param,
          (string_to_array(unnest(proconfig), $23))[$24] as value
        from
          functions
      ) as t
    group by
      oid
  ) f_config on f_config.oid = f.oid
  left join (
    select
      oid,
      jsonb_agg(jsonb_build_object(
        $25, t2.mode,
        $26, name,
        $27, type_id,
        $28, has_default
      )) as args
    from
      (
        select
          oid,
          unnest(arg_modes) as mode,
          unnest(arg_names) as name,
          unnest(arg_types)::int8 as type_id,
          unnest(arg_has_defaults) as has_default
        from
          functions
      ) as t1,
      lateral (
        select
          case
            when t1.mode = $29 then $30
            when t1.mode = $31 then $32
            when t1.mode = $33 then $34
            when t1.mode = $35 then $36
            else $37
          end as mode
      ) as t2
    group by
      t1.oid
  ) f_args on f_args.oid = f.oid",80,6978.442858,26106
"with materialized_views as (
select
  c.oid::int8 as id,
  n.nspname as schema,
  c.relname as name,
  c.relispopulated as is_populated,
  obj_description(c.oid) as comment
from
  pg_class c
  join pg_namespace n on n.oid = c.relnamespace
where
  n.nspname IN ($1,$2) AND
  
  
  c.relkind = $3


)
  
select
  *
  
from materialized_views",80,23.678557,68
"with tables as (
SELECT
  c.oid :: int8 AS id,
  nc.nspname AS schema,
  c.relname AS name,
  c.relrowsecurity AS rls_enabled,
  c.relforcerowsecurity AS rls_forced,
  CASE
    WHEN c.relreplident = $1 THEN $2
    WHEN c.relreplident = $3 THEN $4
    WHEN c.relreplident = $5 THEN $6
    ELSE $7
  END AS replica_identity,
  pg_total_relation_size(format($8, nc.nspname, c.relname)) :: int8 AS bytes,
  pg_size_pretty(
    pg_total_relation_size(format($9, nc.nspname, c.relname))
  ) AS size,
  pg_stat_get_live_tuples(c.oid) AS live_rows_estimate,
  pg_stat_get_dead_tuples(c.oid) AS dead_rows_estimate,
  obj_description(c.oid) AS comment,
  coalesce(pk.primary_keys, $10) as primary_keys,
  coalesce(
    jsonb_agg(relationships) filter (where relationships is not null),
    $11
  ) as relationships
FROM
  pg_namespace nc
  JOIN pg_class c ON nc.oid = c.relnamespace
  left join (
    select
      c.oid::int8 as table_id,
      jsonb_agg(
        jsonb_build_object(
          $12, c.oid::int8,
          $13, n.nspname,
          $14, c.relname,
          $15, a.attname
        )
        order by array_position(i.indkey, a.attnum)
      ) as primary_keys
    from
      pg_index i
      join pg_class c on i.indrelid = c.oid
      join pg_namespace n on c.relnamespace = n.oid
      join pg_attribute a on a.attrelid = c.oid and a.attnum = any(i.indkey)
    where
      n.nspname IN ($16,$17) AND
      
      i.indisprimary
    group by c.oid
  ) as pk
  on pk.table_id = c.oid
  left join (
    select
      c.oid :: int8 as id,
      c.conname as constraint_name,
      nsa.nspname as source_schema,
      csa.relname as source_table_name,
      sa.attname as source_column_name,
      nta.nspname as target_table_schema,
      cta.relname as target_table_name,
      ta.attname as target_column_name
    from
      pg_constraint c
    join (
      pg_attribute sa
      join pg_class csa on sa.attrelid = csa.oid
      join pg_namespace nsa on csa.relnamespace = nsa.oid
    ) on sa.attrelid = c.conrelid and sa.attnum = any (c.conkey)
    join (
      pg_attribute ta
      join pg_class cta on ta.attrelid = cta.oid
      join pg_namespace nta on cta.relnamespace = nta.oid
    ) on ta.attrelid = c.confrelid and ta.attnum = any (c.confkey)
    where
      nsa.nspname IN ($18,$19) OR nta.nspname IN ($20,$21) AND
      
      c.contype = $22
  ) as relationships
  on (relationships.source_schema = nc.nspname and relationships.source_table_name = c.relname)
  or (relationships.target_table_schema = nc.nspname and relationships.target_table_name = c.relname)
WHERE
  nc.nspname IN ($23,$24) AND
  
  
  c.relkind IN ($25, $26)
  AND NOT pg_is_other_temp_schema(nc.oid)
  AND (
    pg_has_role(c.relowner, $27)
    OR has_table_privilege(
      c.oid,
      $28
    )
    OR has_any_column_privilege(c.oid, $29)
  )
group by
  c.oid,
  c.relname,
  c.relrowsecurity,
  c.relforcerowsecurity,
  c.relreplident,
  nc.nspname,
  pk.primary_keys


)
  
select
  *
  
from tables",80,14684.666536,7692
"-- Adapted from
-- https://github.com/PostgREST/postgrest/blob/f9f0f79fa914ac00c11fbf7f4c558e14821e67e2/src/PostgREST/SchemaCache.hs#L820
with recursive
pks_fks as (
  -- pk + fk referencing col
  select
    contype::text as contype,
    conname,
    array_length(conkey, $1) as ncol,
    conrelid as resorigtbl,
    col as resorigcol,
    ord
  from pg_constraint
  left join lateral unnest(conkey) with ordinality as _(col, ord) on $2
  where contype IN ($3, $4)
  union
  -- fk referenced col
  select
    concat(contype, $5) as contype,
    conname,
    array_length(confkey, $6) as ncol,
    confrelid,
    col,
    ord
  from pg_constraint
  left join lateral unnest(confkey) with ordinality as _(col, ord) on $7
  where contype=$8
  and connamespace::regnamespace::text IN ($9,$10)
),
views as (
  select
    c.oid       as view_id,
    n.nspname   as view_schema,
    c.relname   as view_name,
    r.ev_action as view_definition
  from pg_class c
  join pg_namespace n on n.oid = c.relnamespace
  join pg_rewrite r on r.ev_class = c.oid
  where c.relkind in ($11, $12) 
    and n.nspname IN ($13,$14)
),
transform_json as (
  select
    view_id, view_schema, view_name,
    -- the following formatting is without indentation on purpose
    -- to allow simple diffs, with less whitespace noise
    replace(
      replace(
      replace(
      replace(
      replace(
      replace(
      replace(
      regexp_replace(
      replace(
      replace(
      replace(
      replace(
      replace(
      replace(
      replace(
      replace(
      replace(
      replace(
      replace(
        view_definition::text,
      -- This conversion to json is heavily optimized for performance.
      -- The general idea is to use as few regexp_replace() calls as possible.
      -- Simple replace() is a lot faster, so we jump through some hoops
      -- to be able to use regexp_replace() only once.
      -- This has been tested against a huge schema with 250+ different views.
      -- The unit tests do NOT reflect all possible inputs. Be careful when changing this!
      -- -----------------------------------------------
      -- pattern           | replacement         | flags
      -- -----------------------------------------------
      -- <> in pg_node_tree is the same as null in JSON, but due to very poor performance of json_typeof
      -- we need to make this an empty array here to prevent json_array_elements from throwing an error
      -- when the targetList is null.
      -- We'll need to put it first, to make the node protection below work for node lists that start with
      -- null: (<> ..., too. This is the case for coldefexprs, when the first column does not have a default value.
         $15              , $16
      -- , is not part of the pg_node_tree format, but used in the regex.
      -- This removes all , that might be part of column names.
      ), $17               , $18
      -- The same applies for { and }, although those are used a lot in pg_node_tree.
      -- We remove the escaped ones, which might be part of column names again.
      ), $19            , $20
      ), $21            , $22
      -- The fields we need are formatted as json manually to protect them from the regex.
      ), $23   , $24
      ), $25        , $26
      ), $27   , $28
      ), $29   , $30
      -- Make the regex also match the node type, e.g. `{QUERY ...`, to remove it in one pass.
      ), $31               , $32
      -- Protect node lists, which start with `({` or `((` from the greedy regex.
      -- The extra `{` is removed again later.
      ), $33              , $34
      ), $35              , $36
      -- This regex removes all unused fields to avoid the need to format all of them correctly.
      -- This leads to a smaller json result as well.
      -- Removal stops at `,` for used fields (see above) and `}` for the end of the current node.
      -- Nesting can't be parsed correctly with a regex, so we stop at `{` as well and
      -- add an empty key for the followig node.
      ), $37       , $38              , $39
      -- For performance, the regex also added those empty keys when hitting a `,` or `}`.
      -- Those are removed next.
      ), $40           , $41
      ), $42           , $43
      -- This reverses the ""node list protection"" from above.
      ), $44              , $45
      -- Every key above has been added with a `,` so far. The first key in an object doesn't need it.
      ), $46              , $47
      -- pg_node_tree has `()` around lists, but JSON uses `[]`
      ), $48               , $49
      ), $50               , $51
      -- pg_node_tree has ` ` between list items, but JSON uses `,`
      ), $52             , $53
    )::json as view_definition
  from views
),
target_entries as(
  select
    view_id, view_schema, view_name,
    json_array_elements(view_definition->$54->$55) as entry
  from transform_json
),
results as(
  select
    view_id, view_schema, view_name,
    (entry->>$56)::int as view_column,
    (entry->>$57)::oid as resorigtbl,
    (entry->>$58)::int as resorigcol
  from target_entries
),
-- CYCLE detection according to PG docs: https://www.postgresql.org/docs/current/queries-with.html#QUERIES-WITH-CYCLE
-- Can be replaced with CYCLE clause once PG v13 is EOL.
recursion(view_id, view_schema, view_name, view_column, resorigtbl, resorigcol, is_cycle, path) as(
  select
    r.*,
    $59,
    ARRAY[resorigtbl]
  from results r
  where view_schema IN ($60,$61)
  union all
  select
    view.view_id,
    view.view_schema,
    view.view_name,
    view.view_column,
    tab.resorigtbl,
    tab.resorigcol,
    tab.resorigtbl = ANY(path),
    path || tab.resorigtbl
  from recursion view
  join results tab on view.resorigtbl=tab.view_id and view.resorigcol=tab.view_column
  where not is_cycle
),
repeated_references as(
  select
    view_id,
    view_schema,
    view_name,
    resorigtbl,
    resorigcol,
    array_agg(attname) as view_columns
  from recursion
  join pg_attribute vcol on vcol.attrelid = view_id and vcol.attnum = view_column
  group by
    view_id,
    view_schema,
    view_name,
    resorigtbl,
    resorigcol
)
select
  sch.nspname as table_schema,
  tbl.relname as table_name,
  rep.view_schema,
  rep.view_name,
  pks_fks.conname as constraint_name,
  pks_fks.contype as constraint_type,
  jsonb_agg(
    jsonb_build_object($62, col.attname, $63, view_columns) order by pks_fks.ord
  ) as column_dependencies
from repeated_references rep
join pks_fks using (resorigtbl, resorigcol)
join pg_class tbl on tbl.oid = rep.resorigtbl
join pg_attribute col on col.attrelid = tbl.oid and col.attnum = rep.resorigcol
join pg_namespace sch on sch.oid = tbl.relnamespace
group by sch.nspname, tbl.relname,  rep.view_schema, rep.view_name, pks_fks.conname, pks_fks.contype, pks_fks.ncol
-- make sure we only return key for which all columns are referenced in the view - no partial PKs or FKs
having ncol = array_length(array_agg(row(col.attname, view_columns) order by pks_fks.ord), $64)",80,2106.986161,26088
"with foreign_tables as (
SELECT
  c.oid :: int8 AS id,
  n.nspname AS schema,
  c.relname AS name,
  obj_description(c.oid) AS comment
FROM
  pg_class c
  JOIN pg_namespace n ON n.oid = c.relnamespace
WHERE
  n.nspname IN ($1,$2) AND
  
  
  c.relkind = $3


)
  
select
  *
  
from foreign_tables",80,17.288298,0
"select
  t.oid::int8 as id,
  t.typname as name,
  n.nspname as schema,
  format_type (t.oid, $1) as format,
  coalesce(t_enums.enums, $2) as enums,
  coalesce(t_attributes.attributes, $3) as attributes,
  obj_description (t.oid, $4) as comment,
  nullif(t.typrelid::int8, $5) as type_relation_id
from
  pg_type t
  left join pg_namespace n on n.oid = t.typnamespace
  left join (
    select
      enumtypid,
      jsonb_agg(enumlabel order by enumsortorder) as enums
    from
      pg_enum
    group by
      enumtypid
  ) as t_enums on t_enums.enumtypid = t.oid
  left join (
    select
      oid,
      jsonb_agg(
        jsonb_build_object($6, a.attname, $7, a.atttypid::int8)
        order by a.attnum asc
      ) as attributes
    from
      pg_class c
      join pg_attribute a on a.attrelid = c.oid
    where
      c.relkind = $8 and not a.attisdropped
    group by
      c.oid
  ) as t_attributes on t_attributes.oid = t.typrelid
  where
      (
        t.typrelid = $9
        or (
          select
            c.relkind in ($10, $11, $12, $13, $14)
          from
            pg_class c
          where
            c.oid = t.typrelid
        )
      )",80,1873.557554,83576
"-- Adapted from information_schema.columns

SELECT
  c.oid :: int8 AS table_id,
  nc.nspname AS schema,
  c.relname AS table,
  (c.oid || $1 || a.attnum) AS id,
  a.attnum AS ordinal_position,
  a.attname AS name,
  CASE
    WHEN a.atthasdef THEN pg_get_expr(ad.adbin, ad.adrelid)
    ELSE $2
  END AS default_value,
  CASE
    WHEN t.typtype = $3 THEN CASE
      WHEN bt.typelem <> $4 :: oid
      AND bt.typlen = $5 THEN $6
      WHEN nbt.nspname = $7 THEN format_type(t.typbasetype, $8)
      ELSE $9
    END
    ELSE CASE
      WHEN t.typelem <> $10 :: oid
      AND t.typlen = $11 THEN $12
      WHEN nt.nspname = $13 THEN format_type(a.atttypid, $14)
      ELSE $15
    END
  END AS data_type,
  COALESCE(bt.typname, t.typname) AS format,
  a.attidentity IN ($16, $17) AS is_identity,
  CASE
    a.attidentity
    WHEN $18 THEN $19
    WHEN $20 THEN $21
    ELSE $22
  END AS identity_generation,
  a.attgenerated IN ($23) AS is_generated,
  NOT (
    a.attnotnull
    OR t.typtype = $24 AND t.typnotnull
  ) AS is_nullable,
  (
    c.relkind IN ($25, $26)
    OR c.relkind IN ($27, $28) AND pg_column_is_updatable(c.oid, a.attnum, $29)
  ) AS is_updatable,
  uniques.table_id IS NOT NULL AS is_unique,
  check_constraints.definition AS ""check"",
  array_to_json(
    array(
      SELECT
        enumlabel
      FROM
        pg_catalog.pg_enum enums
      WHERE
        enums.enumtypid = coalesce(bt.oid, t.oid)
        OR enums.enumtypid = coalesce(bt.typelem, t.typelem)
      ORDER BY
        enums.enumsortorder
    )
  ) AS enums,
  col_description(c.oid, a.attnum) AS comment
FROM
  pg_attribute a
  LEFT JOIN pg_attrdef ad ON a.attrelid = ad.adrelid
  AND a.attnum = ad.adnum
  JOIN (
    pg_class c
    JOIN pg_namespace nc ON c.relnamespace = nc.oid
  ) ON a.attrelid = c.oid
  JOIN (
    pg_type t
    JOIN pg_namespace nt ON t.typnamespace = nt.oid
  ) ON a.atttypid = t.oid
  LEFT JOIN (
    pg_type bt
    JOIN pg_namespace nbt ON bt.typnamespace = nbt.oid
  ) ON t.typtype = $30
  AND t.typbasetype = bt.oid
  LEFT JOIN (
    SELECT DISTINCT ON (table_id, ordinal_position)
      conrelid AS table_id,
      conkey[$31] AS ordinal_position
    FROM pg_catalog.pg_constraint
    WHERE contype = $32 AND cardinality(conkey) = $33
  ) AS uniques ON uniques.table_id = c.oid AND uniques.ordinal_position = a.attnum
  LEFT JOIN (
    -- We only select the first column check
    SELECT DISTINCT ON (table_id, ordinal_position)
      conrelid AS table_id,
      conkey[$34] AS ordinal_position,
      substring(
        pg_get_constraintdef(pg_constraint.oid, $35),
        $36,
        length(pg_get_constraintdef(pg_constraint.oid, $37)) - $38
      ) AS ""definition""
    FROM pg_constraint
    WHERE contype = $39 AND cardinality(conkey) = $40
    ORDER BY table_id, ordinal_position, oid asc
  ) AS check_constraints ON check_constraints.table_id = c.oid AND check_constraints.ordinal_position = a.attnum
WHERE
  nc.nspname IN ($41,$42) AND
  
  
  
  
  NOT pg_is_other_temp_schema(nc.oid)
  AND a.attnum > $43
  AND NOT a.attisdropped
  AND (c.relkind IN ($44, $45, $46, $47, $48))
  AND (
    pg_has_role(c.relowner, $49)
    OR has_column_privilege(
      c.oid,
      a.attnum,
      $50
    )
  )",80,6176.415442,114718
"with views as (
SELECT
  c.oid :: int8 AS id,
  n.nspname AS schema,
  c.relname AS name,
  -- See definition of information_schema.views
  (pg_relation_is_updatable(c.oid, $1) & $2) = $3 AS is_updatable,
  obj_description(c.oid) AS comment
FROM
  pg_class c
  JOIN pg_namespace n ON n.oid = c.relnamespace
WHERE
  n.nspname IN ($4,$5) AND
  
  
  c.relkind = $6


)
  
select
  *
  
from views",80,590.210851,5984
"-- Adapted from
-- https://github.com/PostgREST/postgrest/blob/f9f0f79fa914ac00c11fbf7f4c558e14821e67e2/src/PostgREST/SchemaCache.hs#L722
WITH
pks_uniques_cols AS (
  SELECT
    connamespace,
    conrelid,
    jsonb_agg(column_info.cols) as cols
  FROM pg_constraint
  JOIN lateral (
    SELECT array_agg(cols.attname order by cols.attnum) as cols
    FROM ( select unnest(conkey) as col) _
    JOIN pg_attribute cols on cols.attrelid = conrelid and cols.attnum = col
  ) column_info ON $1
  WHERE
    contype IN ($2, $3) and
    connamespace::regnamespace::text <> $4
    and connamespace::regnamespace::text IN ($5,$6)
  GROUP BY connamespace, conrelid
)
SELECT
  traint.conname AS foreign_key_name,
  ns1.nspname AS schema,
  tab.relname AS relation,
  column_info.cols AS columns,
  ns2.nspname AS referenced_schema,
  other.relname AS referenced_relation,
  column_info.refs AS referenced_columns,
  (column_info.cols IN (SELECT * FROM jsonb_array_elements(pks_uqs.cols))) AS is_one_to_one
FROM pg_constraint traint
JOIN LATERAL (
  SELECT
    jsonb_agg(cols.attname order by ord) AS cols,
    jsonb_agg(refs.attname order by ord) AS refs
  FROM unnest(traint.conkey, traint.confkey) WITH ORDINALITY AS _(col, ref, ord)
  JOIN pg_attribute cols ON cols.attrelid = traint.conrelid AND cols.attnum = col
  JOIN pg_attribute refs ON refs.attrelid = traint.confrelid AND refs.attnum = ref
  WHERE traint.connamespace::regnamespace::text IN ($7,$8)
) AS column_info ON $9
JOIN pg_namespace ns1 ON ns1.oid = traint.connamespace
JOIN pg_class tab ON tab.oid = traint.conrelid
JOIN pg_class other ON other.oid = traint.confrelid
JOIN pg_namespace ns2 ON ns2.oid = other.relnamespace
LEFT JOIN pks_uniques_cols pks_uqs ON pks_uqs.connamespace = traint.connamespace AND pks_uqs.conrelid = traint.conrelid
WHERE traint.contype = $10
AND traint.conparentid = $11
and ns1.nspname IN ($12,$13)",80,417.70789,10019
"-- Adapted from information_schema.schemata
select
  n.oid::int8 as id,
  n.nspname as name,
  u.rolname as owner
from
  pg_namespace n,
  pg_roles u
where
  n.nspowner = u.oid
  
  and n.nspname IN ($1,$2)
  and not pg_catalog.starts_with(n.nspname, $3)
  and (
    pg_has_role(n.nspowner, $4)
    or has_schema_privilege(n.oid, $5)
  )
  and not pg_catalog.starts_with(n.nspname, $6)
  and not pg_catalog.starts_with(n.nspname, $7)",80,16.45004,160
"SELECT oid FROM pg_catalog.pg_namespace n
WHERE n.nspname OPERATOR(pg_catalog.~) $1 COLLATE pg_catalog.default",72,2.960007,72
"LOCK TABLE ""realtime"".""schema_migrations"" IN SHARE UPDATE EXCLUSIVE MODE",71,1.127289,0
"SELECT s0.""version"" FROM ""realtime"".""schema_migrations"" AS s0",70,3.596576,2284
"UPDATE ""users"" AS users SET ""last_sign_in_at"" = $1, ""updated_at"" = $2 WHERE users.id = $3",69,44.248527,69
"INSERT INTO ""refresh_tokens"" (""created_at"", ""instance_id"", ""parent"", ""revoked"", ""session_id"", ""token"", ""updated_at"", ""user_id"") VALUES ($1, $2, $3, $4, $5, $6, $7, $8) returning id",69,396.493198,69
"INSERT INTO ""realtime"".""schema_migrations"" (""version"",""inserted_at"") VALUES ($1,$2)",67,8.465681,67
insert into schema_migrations (version) values ($1),65,1.325092,65
SELECT EXISTS (SELECT schema_migrations.* FROM schema_migrations AS schema_migrations WHERE version = $1),65,1.322896,65
"SELECT users.aud, users.banned_until, users.confirmation_sent_at, users.confirmation_token, users.confirmed_at, users.created_at, users.deleted_at, users.email, users.email_change, users.email_change_confirm_status, users.email_change_sent_at, users.email_change_token_current, users.email_change_token_new, users.email_confirmed_at, users.encrypted_password, users.id, users.instance_id, users.invited_at, users.is_anonymous, users.is_sso_user, users.last_sign_in_at, users.phone, users.phone_change, users.phone_change_sent_at, users.phone_change_token, users.phone_confirmed_at, users.raw_app_meta_data, users.raw_user_meta_data, users.reauthentication_sent_at, users.reauthentication_token, users.recovery_sent_at, users.recovery_token, users.role, users.updated_at FROM users AS users WHERE instance_id = $1 and LOWER(email) = $2 and aud = $3 and is_sso_user = $4 LIMIT $5",65,17.461435,54
"INSERT INTO ""sessions"" (""aal"", ""created_at"", ""factor_id"", ""id"", ""ip"", ""not_after"", ""oauth_client_id"", ""refresh_token_counter"", ""refresh_token_hmac_key"", ""refreshed_at"", ""scopes"", ""tag"", ""updated_at"", ""user_agent"", ""user_id"") VALUES ($1, $2, $3, $4, $5, $6, $7, $8, $9, $10, $11, $12, $13, $14, $15)",60,267.54152,60
"INSERT INTO mfa_amr_claims(id, session_id, created_at, updated_at, authentication_method) values ($1, $2, $3, $4, $5)
			ON CONFLICT ON CONSTRAINT mfa_amr_claims_session_id_authentication_method_pkey
			DO UPDATE SET updated_at = $6",60,68.695646,60
"with f as (
      
-- CTE with sane arg_modes, arg_names, and arg_types.
-- All three are always of the same length.
-- All three include all args, including OUT and TABLE args.
with functions as (
  select
    *,
    -- proargmodes is null when all arg modes are IN
    coalesce(
      p.proargmodes,
      array_fill($1::text, array[cardinality(coalesce(p.proallargtypes, p.proargtypes))])
    ) as arg_modes,
    -- proargnames is null when all args are unnamed
    coalesce(
      p.proargnames,
      array_fill($2::text, array[cardinality(coalesce(p.proallargtypes, p.proargtypes))])
    ) as arg_names,
    -- proallargtypes is null when all arg modes are IN
    coalesce(p.proallargtypes, p.proargtypes) as arg_types,
    array_cat(
      array_fill($3, array[pronargs - pronargdefaults]),
      array_fill($4, array[pronargdefaults])) as arg_has_defaults
  from
    pg_proc as p
  where
    p.prokind = $5
)
select
  f.oid as id,
  n.nspname as schema,
  f.proname as name,
  l.lanname as language,
  case
    when l.lanname = $6 then $7
    else f.prosrc
  end as definition,
  case
    when l.lanname = $8 then f.prosrc
    else pg_get_functiondef(f.oid)
  end as complete_statement,
  coalesce(f_args.args, $9) as args,
  pg_get_function_arguments(f.oid) as argument_types,
  pg_get_function_identity_arguments(f.oid) as identity_argument_types,
  f.prorettype as return_type_id,
  pg_get_function_result(f.oid) as return_type,
  nullif(rt.typrelid, $10) as return_type_relation_id,
  f.proretset as is_set_returning_function,
  case
    when f.provolatile = $11 then $12
    when f.provolatile = $13 then $14
    when f.provolatile = $15 then $16
  end as behavior,
  f.prosecdef as security_definer,
  f_config.config_params as config_params
from
  functions f
  left join pg_namespace n on f.pronamespace = n.oid
  left join pg_language l on f.prolang = l.oid
  left join pg_type rt on rt.oid = f.prorettype
  left join (
    select
      oid,
      jsonb_object_agg(param, value) filter (where param is not null) as config_params
    from
      (
        select
          oid,
          (string_to_array(unnest(proconfig), $17))[$18] as param,
          (string_to_array(unnest(proconfig), $19))[$20] as value
        from
          functions
      ) as t
    group by
      oid
  ) f_config on f_config.oid = f.oid
  left join (
    select
      oid,
      jsonb_agg(jsonb_build_object(
        $21, t2.mode,
        $22, name,
        $23, type_id,
        -- Cast null into false boolean
        $24, COALESCE(has_default, $25)
      )) as args
    from
      (
        select
          oid,
          unnest(arg_modes) as mode,
          unnest(arg_names) as name,
          -- Coming from: coalesce(p.proallargtypes, p.proargtypes) postgres won't automatically assume
          -- integer, we need to cast it to be properly parsed
          unnest(arg_types)::int8 as type_id,
          unnest(arg_has_defaults) as has_default
        from
          functions
      ) as t1,
      lateral (
        select
          case
            when t1.mode = $26 then $27
            when t1.mode = $28 then $29
            when t1.mode = $30 then $31
            when t1.mode = $32 then $33
            else $34
          end as mode
      ) as t2
    group by
      t1.oid
  ) f_args on f_args.oid = f.oid

    )
    select
      f.*
    from f
   where schema NOT IN ($35,$36,$37)

-- source: dashboard
-- user: 8075c1a2-da12-4dce-901d-1b970a3e0101
-- date: 2026-02-01T06:23:07.129Z",56,29046.709733,27529
"with tables as (
SELECT
  c.oid :: int8 AS id,
  nc.nspname AS schema,
  c.relname AS name,
  c.relrowsecurity AS rls_enabled,
  c.relforcerowsecurity AS rls_forced,
  CASE
    WHEN c.relreplident = $1 THEN $2
    WHEN c.relreplident = $3 THEN $4
    WHEN c.relreplident = $5 THEN $6
    ELSE $7
  END AS replica_identity,
  pg_total_relation_size(format($8, nc.nspname, c.relname)) :: int8 AS bytes,
  pg_size_pretty(
    pg_total_relation_size(format($9, nc.nspname, c.relname))
  ) AS size,
  pg_stat_get_live_tuples(c.oid) AS live_rows_estimate,
  pg_stat_get_dead_tuples(c.oid) AS dead_rows_estimate,
  obj_description(c.oid) AS comment,
  coalesce(pk.primary_keys, $10) as primary_keys,
  coalesce(
    jsonb_agg(relationships) filter (where relationships is not null),
    $11
  ) as relationships
FROM
  pg_namespace nc
  JOIN pg_class c ON nc.oid = c.relnamespace
  left join (
    select
      c.oid::int8 as table_id,
      jsonb_agg(
        jsonb_build_object(
          $12, c.oid::int8,
          $13, n.nspname,
          $14, c.relname,
          $15, a.attname
        )
        order by array_position(i.indkey, a.attnum)
      ) as primary_keys
    from
      pg_index i
      join pg_class c on i.indrelid = c.oid
      join pg_namespace n on c.relnamespace = n.oid
      join pg_attribute a on a.attrelid = c.oid and a.attnum = any(i.indkey)
    where
      n.nspname IN ($16) AND
      
      i.indisprimary
    group by c.oid
  ) as pk
  on pk.table_id = c.oid
  left join (
    select
      c.oid :: int8 as id,
      c.conname as constraint_name,
      nsa.nspname as source_schema,
      csa.relname as source_table_name,
      sa.attname as source_column_name,
      nta.nspname as target_table_schema,
      cta.relname as target_table_name,
      ta.attname as target_column_name
    from
      pg_constraint c
    join (
      pg_attribute sa
      join pg_class csa on sa.attrelid = csa.oid
      join pg_namespace nsa on csa.relnamespace = nsa.oid
    ) on sa.attrelid = c.conrelid and sa.attnum = any (c.conkey)
    join (
      pg_attribute ta
      join pg_class cta on ta.attrelid = cta.oid
      join pg_namespace nta on cta.relnamespace = nta.oid
    ) on ta.attrelid = c.confrelid and ta.attnum = any (c.confkey)
    where
      nsa.nspname IN ($17) OR nta.nspname IN ($18) AND
      
      c.contype = $19
  ) as relationships
  on (relationships.source_schema = nc.nspname and relationships.source_table_name = c.relname)
  or (relationships.target_table_schema = nc.nspname and relationships.target_table_name = c.relname)
WHERE
  nc.nspname IN ($20) AND
  
  
  c.relkind IN ($21, $22)
  AND NOT pg_is_other_temp_schema(nc.oid)
  AND (
    pg_has_role(c.relowner, $23)
    OR has_table_privilege(
      c.oid,
      $24
    )
    OR has_any_column_privilege(c.oid, $25)
  )
group by
  c.oid,
  c.relname,
  c.relrowsecurity,
  c.relforcerowsecurity,
  c.relreplident,
  nc.nspname,
  pk.primary_keys


)
  , columns as (
-- Adapted from information_schema.columns

SELECT
  c.oid :: int8 AS table_id,
  nc.nspname AS schema,
  c.relname AS table,
  (c.oid || $26 || a.attnum) AS id,
  a.attnum AS ordinal_position,
  a.attname AS name,
  CASE
    WHEN a.atthasdef THEN pg_get_expr(ad.adbin, ad.adrelid)
    ELSE $27
  END AS default_value,
  CASE
    WHEN t.typtype = $28 THEN CASE
      WHEN bt.typelem <> $29 :: oid
      AND bt.typlen = $30 THEN $31
      WHEN nbt.nspname = $32 THEN format_type(t.typbasetype, $33)
      ELSE $34
    END
    ELSE CASE
      WHEN t.typelem <> $35 :: oid
      AND t.typlen = $36 THEN $37
      WHEN nt.nspname = $38 THEN format_type(a.atttypid, $39)
      ELSE $40
    END
  END AS data_type,
  COALESCE(bt.typname, t.typname) AS format,
  a.attidentity IN ($41, $42) AS is_identity,
  CASE
    a.attidentity
    WHEN $43 THEN $44
    WHEN $45 THEN $46
    ELSE $47
  END AS identity_generation,
  a.attgenerated IN ($48) AS is_generated,
  NOT (
    a.attnotnull
    OR t.typtype = $49 AND t.typnotnull
  ) AS is_nullable,
  (
    c.relkind IN ($50, $51)
    OR c.relkind IN ($52, $53) AND pg_column_is_updatable(c.oid, a.attnum, $54)
  ) AS is_updatable,
  uniques.table_id IS NOT NULL AS is_unique,
  check_constraints.definition AS ""check"",
  array_to_json(
    array(
      SELECT
        enumlabel
      FROM
        pg_catalog.pg_enum enums
      WHERE
        enums.enumtypid = coalesce(bt.oid, t.oid)
        OR enums.enumtypid = coalesce(bt.typelem, t.typelem)
      ORDER BY
        enums.enumsortorder
    )
  ) AS enums,
  col_description(c.oid, a.attnum) AS comment
FROM
  pg_attribute a
  LEFT JOIN pg_attrdef ad ON a.attrelid = ad.adrelid
  AND a.attnum = ad.adnum
  JOIN (
    pg_class c
    JOIN pg_namespace nc ON c.relnamespace = nc.oid
  ) ON a.attrelid = c.oid
  JOIN (
    pg_type t
    JOIN pg_namespace nt ON t.typnamespace = nt.oid
  ) ON a.atttypid = t.oid
  LEFT JOIN (
    pg_type bt
    JOIN pg_namespace nbt ON bt.typnamespace = nbt.oid
  ) ON t.typtype = $55
  AND t.typbasetype = bt.oid
  LEFT JOIN (
    SELECT DISTINCT ON (table_id, ordinal_position)
      conrelid AS table_id,
      conkey[$56] AS ordinal_position
    FROM pg_catalog.pg_constraint
    WHERE contype = $57 AND cardinality(conkey) = $58
  ) AS uniques ON uniques.table_id = c.oid AND uniques.ordinal_position = a.attnum
  LEFT JOIN (
    -- We only select the first column check
    SELECT DISTINCT ON (table_id, ordinal_position)
      conrelid AS table_id,
      conkey[$59] AS ordinal_position,
      substring(
        pg_get_constraintdef(pg_constraint.oid, $60),
        $61,
        length(pg_get_constraintdef(pg_constraint.oid, $62)) - $63
      ) AS ""definition""
    FROM pg_constraint
    WHERE contype = $64 AND cardinality(conkey) = $65
    ORDER BY table_id, ordinal_position, oid asc
  ) AS check_constraints ON check_constraints.table_id = c.oid AND check_constraints.ordinal_position = a.attnum
WHERE
  nc.nspname IN ($66) AND
  
  
  
  
  NOT pg_is_other_temp_schema(nc.oid)
  AND a.attnum > $67
  AND NOT a.attisdropped
  AND (c.relkind IN ($68, $69, $70, $71, $72))
  AND (
    pg_has_role(c.relowner, $73)
    OR has_column_privilege(
      c.oid,
      a.attnum,
      $74
    )
  )


)
select
  *
  , 
COALESCE(
  (
    SELECT
      array_agg(row_to_json(columns)) FILTER (WHERE columns.table_id = tables.id)
    FROM
      columns
  ),
  $75
) AS columns
from tables",55,40384.84643,3969
"SELECT
    tbl.schemaname,
    tbl.tablename,
    tbl.quoted_name,
    tbl.is_table,
    json_agg(a) as columns
  FROM
    (
      SELECT
        n.nspname as schemaname,
        c.relname as tablename,
        (quote_ident(n.nspname) || $1 || quote_ident(c.relname)) as quoted_name,
        $2 as is_table
      FROM
        pg_catalog.pg_class c
        JOIN pg_catalog.pg_namespace n ON n.oid = c.relnamespace
      WHERE
        c.relkind = $3
        AND n.nspname not in ($4, $5, $6)
        AND n.nspname not like $7
        AND n.nspname not like $8
        AND has_schema_privilege(n.oid, $9) = $10
        AND has_table_privilege(quote_ident(n.nspname) || $11 || quote_ident(c.relname), $12) = $13
      union all
      SELECT
        n.nspname as schemaname,
        c.relname as tablename,
        (quote_ident(n.nspname) || $14 || quote_ident(c.relname)) as quoted_name,
        $15 as is_table
      FROM
        pg_catalog.pg_class c
        JOIN pg_catalog.pg_namespace n ON n.oid = c.relnamespace
      WHERE
        c.relkind in ($16, $17)
        AND n.nspname not in ($18, $19, $20)
        AND n.nspname not like $21
        AND n.nspname not like $22
        AND has_schema_privilege(n.oid, $23) = $24
        AND has_table_privilege(quote_ident(n.nspname) || $25 || quote_ident(c.relname), $26) = $27
    ) as tbl
    LEFT JOIN (
      SELECT
        attrelid,
        attname,
        format_type(atttypid, atttypmod) as data_type,
        attnum,
        attisdropped
      FROM
        pg_attribute
    ) as a ON (
      a.attrelid = tbl.quoted_name::regclass
      AND a.attnum > $28
      AND NOT a.attisdropped
      AND has_column_privilege(tbl.quoted_name, a.attname, $29)
    )
  
  GROUP BY schemaname, tablename, quoted_name, is_table",54,9479.365463,11508
SELECT word FROM pg_get_keywords(),54,25.665143,26514
"select pid, query, query_start from pg_stat_activity where state = $1 and datname = $2",54,28.544478,149
"with materialized_views as (
select
  c.oid::int8 as id,
  n.nspname as schema,
  c.relname as name,
  c.relispopulated as is_populated,
  obj_description(c.oid) as comment
from
  pg_class c
  join pg_namespace n on n.oid = c.relnamespace
where
  n.nspname IN ($1) AND
  
  
  c.relkind = $2


)
  , columns as (
-- Adapted from information_schema.columns

SELECT
  c.oid :: int8 AS table_id,
  nc.nspname AS schema,
  c.relname AS table,
  (c.oid || $3 || a.attnum) AS id,
  a.attnum AS ordinal_position,
  a.attname AS name,
  CASE
    WHEN a.atthasdef THEN pg_get_expr(ad.adbin, ad.adrelid)
    ELSE $4
  END AS default_value,
  CASE
    WHEN t.typtype = $5 THEN CASE
      WHEN bt.typelem <> $6 :: oid
      AND bt.typlen = $7 THEN $8
      WHEN nbt.nspname = $9 THEN format_type(t.typbasetype, $10)
      ELSE $11
    END
    ELSE CASE
      WHEN t.typelem <> $12 :: oid
      AND t.typlen = $13 THEN $14
      WHEN nt.nspname = $15 THEN format_type(a.atttypid, $16)
      ELSE $17
    END
  END AS data_type,
  COALESCE(bt.typname, t.typname) AS format,
  a.attidentity IN ($18, $19) AS is_identity,
  CASE
    a.attidentity
    WHEN $20 THEN $21
    WHEN $22 THEN $23
    ELSE $24
  END AS identity_generation,
  a.attgenerated IN ($25) AS is_generated,
  NOT (
    a.attnotnull
    OR t.typtype = $26 AND t.typnotnull
  ) AS is_nullable,
  (
    c.relkind IN ($27, $28)
    OR c.relkind IN ($29, $30) AND pg_column_is_updatable(c.oid, a.attnum, $31)
  ) AS is_updatable,
  uniques.table_id IS NOT NULL AS is_unique,
  check_constraints.definition AS ""check"",
  array_to_json(
    array(
      SELECT
        enumlabel
      FROM
        pg_catalog.pg_enum enums
      WHERE
        enums.enumtypid = coalesce(bt.oid, t.oid)
        OR enums.enumtypid = coalesce(bt.typelem, t.typelem)
      ORDER BY
        enums.enumsortorder
    )
  ) AS enums,
  col_description(c.oid, a.attnum) AS comment
FROM
  pg_attribute a
  LEFT JOIN pg_attrdef ad ON a.attrelid = ad.adrelid
  AND a.attnum = ad.adnum
  JOIN (
    pg_class c
    JOIN pg_namespace nc ON c.relnamespace = nc.oid
  ) ON a.attrelid = c.oid
  JOIN (
    pg_type t
    JOIN pg_namespace nt ON t.typnamespace = nt.oid
  ) ON a.atttypid = t.oid
  LEFT JOIN (
    pg_type bt
    JOIN pg_namespace nbt ON bt.typnamespace = nbt.oid
  ) ON t.typtype = $32
  AND t.typbasetype = bt.oid
  LEFT JOIN (
    SELECT DISTINCT ON (table_id, ordinal_position)
      conrelid AS table_id,
      conkey[$33] AS ordinal_position
    FROM pg_catalog.pg_constraint
    WHERE contype = $34 AND cardinality(conkey) = $35
  ) AS uniques ON uniques.table_id = c.oid AND uniques.ordinal_position = a.attnum
  LEFT JOIN (
    -- We only select the first column check
    SELECT DISTINCT ON (table_id, ordinal_position)
      conrelid AS table_id,
      conkey[$36] AS ordinal_position,
      substring(
        pg_get_constraintdef(pg_constraint.oid, $37),
        $38,
        length(pg_get_constraintdef(pg_constraint.oid, $39)) - $40
      ) AS ""definition""
    FROM pg_constraint
    WHERE contype = $41 AND cardinality(conkey) = $42
    ORDER BY table_id, ordinal_position, oid asc
  ) AS check_constraints ON check_constraints.table_id = c.oid AND check_constraints.ordinal_position = a.attnum
WHERE
  nc.nspname IN ($43) AND
  
  
  
  
  NOT pg_is_other_temp_schema(nc.oid)
  AND a.attnum > $44
  AND NOT a.attisdropped
  AND (c.relkind IN ($45, $46, $47, $48, $49))
  AND (
    pg_has_role(c.relowner, $50)
    OR has_column_privilege(
      c.oid,
      a.attnum,
      $51
    )
  )


)
select
  *
  , 
COALESCE(
  (
    SELECT
      array_agg(row_to_json(columns)) FILTER (WHERE columns.table_id = materialized_views.id)
    FROM
      columns
  ),
  $52
) AS columns
from materialized_views",50,896.677722,38
"with views as (
SELECT
  c.oid :: int8 AS id,
  n.nspname AS schema,
  c.relname AS name,
  -- See definition of information_schema.views
  (pg_relation_is_updatable(c.oid, $1) & $2) = $3 AS is_updatable,
  obj_description(c.oid) AS comment
FROM
  pg_class c
  JOIN pg_namespace n ON n.oid = c.relnamespace
WHERE
  n.nspname IN ($4) AND
  
  
  c.relkind = $5


)
  , columns as (
-- Adapted from information_schema.columns

SELECT
  c.oid :: int8 AS table_id,
  nc.nspname AS schema,
  c.relname AS table,
  (c.oid || $6 || a.attnum) AS id,
  a.attnum AS ordinal_position,
  a.attname AS name,
  CASE
    WHEN a.atthasdef THEN pg_get_expr(ad.adbin, ad.adrelid)
    ELSE $7
  END AS default_value,
  CASE
    WHEN t.typtype = $8 THEN CASE
      WHEN bt.typelem <> $9 :: oid
      AND bt.typlen = $10 THEN $11
      WHEN nbt.nspname = $12 THEN format_type(t.typbasetype, $13)
      ELSE $14
    END
    ELSE CASE
      WHEN t.typelem <> $15 :: oid
      AND t.typlen = $16 THEN $17
      WHEN nt.nspname = $18 THEN format_type(a.atttypid, $19)
      ELSE $20
    END
  END AS data_type,
  COALESCE(bt.typname, t.typname) AS format,
  a.attidentity IN ($21, $22) AS is_identity,
  CASE
    a.attidentity
    WHEN $23 THEN $24
    WHEN $25 THEN $26
    ELSE $27
  END AS identity_generation,
  a.attgenerated IN ($28) AS is_generated,
  NOT (
    a.attnotnull
    OR t.typtype = $29 AND t.typnotnull
  ) AS is_nullable,
  (
    c.relkind IN ($30, $31)
    OR c.relkind IN ($32, $33) AND pg_column_is_updatable(c.oid, a.attnum, $34)
  ) AS is_updatable,
  uniques.table_id IS NOT NULL AS is_unique,
  check_constraints.definition AS ""check"",
  array_to_json(
    array(
      SELECT
        enumlabel
      FROM
        pg_catalog.pg_enum enums
      WHERE
        enums.enumtypid = coalesce(bt.oid, t.oid)
        OR enums.enumtypid = coalesce(bt.typelem, t.typelem)
      ORDER BY
        enums.enumsortorder
    )
  ) AS enums,
  col_description(c.oid, a.attnum) AS comment
FROM
  pg_attribute a
  LEFT JOIN pg_attrdef ad ON a.attrelid = ad.adrelid
  AND a.attnum = ad.adnum
  JOIN (
    pg_class c
    JOIN pg_namespace nc ON c.relnamespace = nc.oid
  ) ON a.attrelid = c.oid
  JOIN (
    pg_type t
    JOIN pg_namespace nt ON t.typnamespace = nt.oid
  ) ON a.atttypid = t.oid
  LEFT JOIN (
    pg_type bt
    JOIN pg_namespace nbt ON bt.typnamespace = nbt.oid
  ) ON t.typtype = $35
  AND t.typbasetype = bt.oid
  LEFT JOIN (
    SELECT DISTINCT ON (table_id, ordinal_position)
      conrelid AS table_id,
      conkey[$36] AS ordinal_position
    FROM pg_catalog.pg_constraint
    WHERE contype = $37 AND cardinality(conkey) = $38
  ) AS uniques ON uniques.table_id = c.oid AND uniques.ordinal_position = a.attnum
  LEFT JOIN (
    -- We only select the first column check
    SELECT DISTINCT ON (table_id, ordinal_position)
      conrelid AS table_id,
      conkey[$39] AS ordinal_position,
      substring(
        pg_get_constraintdef(pg_constraint.oid, $40),
        $41,
        length(pg_get_constraintdef(pg_constraint.oid, $42)) - $43
      ) AS ""definition""
    FROM pg_constraint
    WHERE contype = $44 AND cardinality(conkey) = $45
    ORDER BY table_id, ordinal_position, oid asc
  ) AS check_constraints ON check_constraints.table_id = c.oid AND check_constraints.ordinal_position = a.attnum
WHERE
  nc.nspname IN ($46) AND
  
  
  
  
  NOT pg_is_other_temp_schema(nc.oid)
  AND a.attnum > $47
  AND NOT a.attisdropped
  AND (c.relkind IN ($48, $49, $50, $51, $52))
  AND (
    pg_has_role(c.relowner, $53)
    OR has_column_privilege(
      c.oid,
      a.attnum,
      $54
    )
  )


)
select
  *
  , 
COALESCE(
  (
    SELECT
      array_agg(row_to_json(columns)) FILTER (WHERE columns.table_id = views.id)
    FROM
      columns
  ),
  $55
) AS columns
from views",50,32448.44921,3347
"INSERT INTO migrations (""id"", ""name"", ""hash"") VALUES ($1,$2,$3)",50,4.90032,50
"WITH pgrst_source AS (SELECT ""pgrst_call"".* FROM ""public"".""get_my_profile""() pgrst_call) SELECT $3::bigint AS total_result_set, $4 AS page_total, coalesce(json_agg(_postgrest_t)->$5, $6) AS body, nullif(current_setting($7, $8), $9) AS response_headers, nullif(current_setting($10, $11), $12) AS response_status, $13 AS response_inserted FROM (SELECT ""profiles"".* FROM ""pgrst_source"" AS ""profiles""   LIMIT $1 OFFSET $2) _postgrest_t",49,69.16763,49
"CREATE OR REPLACE FUNCTION pg_temp.count_estimate(
    query text
) RETURNS integer LANGUAGE plpgsql AS $$
DECLARE
    plan jsonb;
BEGIN
    EXECUTE 'EXPLAIN (FORMAT JSON)' || query INTO plan;
    RETURN plan->0->'Plan'->'Plan Rows';
END;
$$",48,1039.996381,0
"select
  t.oid::int8 as id,
  t.typname as name,
  n.nspname as schema,
  format_type (t.oid, $1) as format,
  coalesce(t_enums.enums, $2) as enums,
  coalesce(t_attributes.attributes, $3) as attributes,
  obj_description (t.oid, $4) as comment,
  nullif(t.typrelid::int8, $5) as type_relation_id
from
  pg_type t
  left join pg_namespace n on n.oid = t.typnamespace
  left join (
    select
      enumtypid,
      jsonb_agg(enumlabel order by enumsortorder) as enums
    from
      pg_enum
    group by
      enumtypid
  ) as t_enums on t_enums.enumtypid = t.oid
  left join (
    select
      oid,
      jsonb_agg(
        jsonb_build_object($6, a.attname, $7, a.atttypid::int8)
        order by a.attnum asc
      ) as attributes
    from
      pg_class c
      join pg_attribute a on a.attrelid = c.oid
    where
      c.relkind = $8 and not a.attisdropped
    group by
      c.oid
  ) as t_attributes on t_attributes.oid = t.typrelid
  where
      (
        t.typrelid = $9
        or (
          select
            c.relkind = $10
          from
            pg_class c
          where
            c.oid = t.typrelid
        )
      )
      and not exists (
                 select
                 from
                   pg_type el
                 where
                   el.oid = t.typelem
                   and el.typarray = t.oid
               )
      and n.nspname NOT IN ($11,$12,$13)",46,596.622214,1236
COMMIT,44,0.033668,0
START TRANSACTION,44,0.027186,0
"SELECT
  p.oid :: int8 AS id,
  p.pubname AS name,
  p.pubowner::regrole::text AS owner,
  p.pubinsert AS publish_insert,
  p.pubupdate AS publish_update,
  p.pubdelete AS publish_delete,
  p.pubtruncate AS publish_truncate,
  CASE
    WHEN p.puballtables THEN $1
    ELSE pr.tables
  END AS tables
FROM
  pg_catalog.pg_publication AS p
  LEFT JOIN LATERAL (
    SELECT
      COALESCE(
        array_agg(
          json_build_object(
            $2,
            c.oid :: int8,
            $3,
            c.relname,
            $4,
            nc.nspname
          )
        ),
        $5
      ) AS tables
    FROM
      pg_catalog.pg_publication_rel AS pr
      JOIN pg_class AS c ON pr.prrelid = c.oid
      join pg_namespace as nc on c.relnamespace = nc.oid
    WHERE
      pr.prpubid = p.oid
  ) AS pr ON $6 = $7
WHERE
  $8",43,24.366404,43
SET idle_in_transaction_session_timeout = 0,41,0.401828,0
SET transaction_timeout = 0,41,0.344597,0
SET statement_timeout = 0,41,0.957163,0
SET row_security = off,41,0.250875,0
"with foreign_tables as (
select
  c.oid::int8 as id,
  n.nspname as schema,
  c.relname as name,
  obj_description(c.oid) as comment,
  fs.srvname as foreign_server_name,
  fdw.fdwname as foreign_data_wrapper_name,
  handler.proname as foreign_data_wrapper_handler
from
  pg_class c
  join pg_namespace n on n.oid = c.relnamespace
  inner join pg_foreign_table ft on ft.ftrelid = c.oid
  inner join pg_foreign_server fs on fs.oid = ft.ftserver
  inner join pg_foreign_data_wrapper fdw on fdw.oid = fs.srvfdw
  inner join pg_proc handler on handler.oid = fdw.fdwhandler
where
  c.relkind = $1
)
  , columns as (
-- Adapted from information_schema.columns

SELECT
  c.oid :: int8 AS table_id,
  nc.nspname AS schema,
  c.relname AS table,
  (c.oid || $2 || a.attnum) AS id,
  a.attnum AS ordinal_position,
  a.attname AS name,
  CASE
    WHEN a.atthasdef THEN pg_get_expr(ad.adbin, ad.adrelid)
    ELSE $3
  END AS default_value,
  CASE
    WHEN t.typtype = $4 THEN CASE
      WHEN bt.typelem <> $5 :: oid
      AND bt.typlen = $6 THEN $7
      WHEN nbt.nspname = $8 THEN format_type(t.typbasetype, $9)
      ELSE $10
    END
    ELSE CASE
      WHEN t.typelem <> $11 :: oid
      AND t.typlen = $12 THEN $13
      WHEN nt.nspname = $14 THEN format_type(a.atttypid, $15)
      ELSE $16
    END
  END AS data_type,
  COALESCE(bt.typname, t.typname) AS format,
  a.attidentity IN ($17, $18) AS is_identity,
  CASE
    a.attidentity
    WHEN $19 THEN $20
    WHEN $21 THEN $22
    ELSE $23
  END AS identity_generation,
  a.attgenerated IN ($24) AS is_generated,
  NOT (
    a.attnotnull
    OR t.typtype = $25 AND t.typnotnull
  ) AS is_nullable,
  (
    c.relkind IN ($26, $27)
    OR c.relkind IN ($28, $29) AND pg_column_is_updatable(c.oid, a.attnum, $30)
  ) AS is_updatable,
  uniques.table_id IS NOT NULL AS is_unique,
  check_constraints.definition AS ""check"",
  array_to_json(
    array(
      SELECT
        enumlabel
      FROM
        pg_catalog.pg_enum enums
      WHERE
        enums.enumtypid = coalesce(bt.oid, t.oid)
        OR enums.enumtypid = coalesce(bt.typelem, t.typelem)
      ORDER BY
        enums.enumsortorder
    )
  ) AS enums,
  col_description(c.oid, a.attnum) AS comment
FROM
  pg_attribute a
  LEFT JOIN pg_attrdef ad ON a.attrelid = ad.adrelid
  AND a.attnum = ad.adnum
  JOIN (
    pg_class c
    JOIN pg_namespace nc ON c.relnamespace = nc.oid
  ) ON a.attrelid = c.oid
  JOIN (
    pg_type t
    JOIN pg_namespace nt ON t.typnamespace = nt.oid
  ) ON a.atttypid = t.oid
  LEFT JOIN (
    pg_type bt
    JOIN pg_namespace nbt ON bt.typnamespace = nbt.oid
  ) ON t.typtype = $31
  AND t.typbasetype = bt.oid
  LEFT JOIN (
    SELECT DISTINCT ON (table_id, ordinal_position)
      conrelid AS table_id,
      conkey[$32] AS ordinal_position
    FROM pg_catalog.pg_constraint
    WHERE contype = $33 AND cardinality(conkey) = $34
  ) AS uniques ON uniques.table_id = c.oid AND uniques.ordinal_position = a.attnum
  LEFT JOIN (
    -- We only select the first column check
    SELECT DISTINCT ON (table_id, ordinal_position)
      conrelid AS table_id,
      conkey[$35] AS ordinal_position,
      substring(
        pg_get_constraintdef(pg_constraint.oid, $36),
        $37,
        length(pg_get_constraintdef(pg_constraint.oid, $38)) - $39
      ) AS ""definition""
    FROM pg_constraint
    WHERE contype = $40 AND cardinality(conkey) = $41
    ORDER BY table_id, ordinal_position, oid asc
  ) AS check_constraints ON check_constraints.table_id = c.oid AND check_constraints.ordinal_position = a.attnum
WHERE
  NOT pg_is_other_temp_schema(nc.oid)
  AND a.attnum > $42
  AND NOT a.attisdropped
  AND (c.relkind IN ($43, $44, $45, $46, $47))
  AND (
    pg_has_role(c.relowner, $48)
    OR has_column_privilege(
      c.oid,
      a.attnum,
      $49
    )
  )
)
select
  *
  , 
COALESCE(
  (
    SELECT
      array_agg(row_to_json(columns)) FILTER (WHERE columns.table_id = foreign_tables.id)
    FROM
      columns
  ),
  $50
) AS columns
from foreign_tables where schema IN ($51)

-- source: dashboard
-- user: 8075c1a2-da12-4dce-901d-1b970a3e0101
-- date: 2026-02-01T06:17:01.330Z",41,0.858437,0
